\BOOKMARK [0][-]{chapter.1}{\376\377\000I\000n\000t\000r\000o\000d\000u\000c\000t\000i\000o\000n}{}% 1
\BOOKMARK [1][-]{section.1.1}{\376\377\000M\000o\000t\000i\000v\000a\000t\000i\000o\000n\000\040\000a\000n\000d\000\040\000C\000o\000n\000t\000e\000x\000t}{chapter.1}% 2
\BOOKMARK [2][-]{subsection.1.1.1}{\376\377\000T\000h\000e\000\040\000R\000i\000s\000e\000\040\000o\000f\000\040\000A\000I\000\040\000A\000g\000e\000n\000t\000s\000\040\000i\000n\000\040\000E\000n\000t\000e\000r\000p\000r\000i\000s\000e\000\040\000A\000p\000p\000l\000i\000c\000a\000t\000i\000o\000n\000s}{section.1.1}% 3
\BOOKMARK [2][-]{subsection.1.1.2}{\376\377\000T\000h\000e\000\040\000H\000i\000g\000h\000-\000P\000e\000r\000f\000o\000r\000m\000a\000n\000c\000e\000\040\000C\000o\000m\000p\000u\000t\000i\000n\000g\000\040\000C\000o\000n\000t\000e\000x\000t}{section.1.1}% 4
\BOOKMARK [2][-]{subsection.1.1.3}{\376\377\000C\000I\000N\000E\000C\000A\000:\000\040\000I\000t\000a\000l\000y\000'\000s\000\040\000N\000a\000t\000i\000o\000n\000a\000l\000\040\000S\000u\000p\000e\000r\000c\000o\000m\000p\000u\000t\000i\000n\000g\000\040\000C\000e\000n\000t\000e\000r}{section.1.1}% 5
\BOOKMARK [2][-]{subsection.1.1.4}{\376\377\000T\000h\000e\000\040\000G\000a\000p\000\040\000B\000e\000t\000w\000e\000e\000n\000\040\000R\000e\000s\000e\000a\000r\000c\000h\000\040\000a\000n\000d\000\040\000P\000r\000o\000d\000u\000c\000t\000i\000o\000n}{section.1.1}% 6
\BOOKMARK [2][-]{subsection.1.1.5}{\376\377\000T\000h\000e\000\040\000M\000o\000d\000e\000l\000\040\000C\000o\000n\000t\000e\000x\000t\000\040\000P\000r\000o\000t\000o\000c\000o\000l\000\040\000O\000p\000p\000o\000r\000t\000u\000n\000i\000t\000y}{section.1.1}% 7
\BOOKMARK [2][-]{subsection.1.1.6}{\376\377\000C\000h\000a\000p\000t\000e\000r\000\040\000S\000u\000m\000m\000a\000r\000y}{section.1.1}% 8
\BOOKMARK [1][-]{section.1.2}{\376\377\000P\000r\000i\000m\000a\000r\000y\000\040\000U\000s\000e\000\040\000C\000a\000s\000e\000s\000\040\000a\000n\000d\000\040\000S\000t\000a\000k\000e\000h\000o\000l\000d\000e\000r\000s}{chapter.1}% 9
\BOOKMARK [2][-]{subsection.1.2.1}{\376\377\000S\000t\000a\000k\000e\000h\000o\000l\000d\000e\000r\000\040\000A\000n\000a\000l\000y\000s\000i\000s}{section.1.2}% 10
\BOOKMARK [2][-]{subsection.1.2.2}{\376\377\000C\000o\000r\000e\000\040\000U\000s\000e\000\040\000C\000a\000s\000e\000s}{section.1.2}% 11
\BOOKMARK [2][-]{subsection.1.2.3}{\376\377\000U\000s\000e\000\040\000C\000a\000s\000e\000\040\000P\000r\000i\000o\000r\000i\000t\000i\000z\000a\000t\000i\000o\000n}{section.1.2}% 12
\BOOKMARK [2][-]{subsection.1.2.4}{\376\377\000U\000s\000e\000r\000\040\000I\000n\000t\000e\000r\000f\000a\000c\000e\000\040\000M\000a\000p\000p\000i\000n\000g}{section.1.2}% 13
\BOOKMARK [1][-]{section.1.3}{\376\377\000I\000n\000d\000u\000s\000t\000r\000i\000a\000l\000\040\000a\000n\000d\000\040\000I\000n\000s\000t\000i\000t\000u\000t\000i\000o\000n\000a\000l\000\040\000C\000o\000n\000t\000e\000x\000t}{chapter.1}% 14
\BOOKMARK [2][-]{subsection.1.3.1}{\376\377\000C\000I\000N\000E\000C\000A\000\040\000O\000r\000g\000a\000n\000i\000z\000a\000t\000i\000o\000n\000a\000l\000\040\000P\000r\000o\000f\000i\000l\000e}{section.1.3}% 15
\BOOKMARK [2][-]{subsection.1.3.2}{\376\377\000H\000i\000g\000h\000-\000P\000e\000r\000f\000o\000r\000m\000a\000n\000c\000e\000\040\000C\000o\000m\000p\000u\000t\000i\000n\000g\000\040\000E\000n\000v\000i\000r\000o\000n\000m\000e\000n\000t\000\040\000C\000h\000a\000r\000a\000c\000t\000e\000r\000i\000s\000t\000i\000c\000s}{section.1.3}% 16
\BOOKMARK [2][-]{subsection.1.3.3}{\376\377\000I\000n\000s\000t\000i\000t\000u\000t\000i\000o\000n\000a\000l\000\040\000C\000o\000n\000s\000t\000r\000a\000i\000n\000t\000s}{section.1.3}% 17
\BOOKMARK [2][-]{subsection.1.3.4}{\376\377\000B\000i\000o\000i\000n\000f\000o\000r\000m\000a\000t\000i\000c\000s\000\040\000A\000p\000p\000l\000i\000c\000a\000t\000i\000o\000n\000\040\000D\000o\000m\000a\000i\000n}{section.1.3}% 18
\BOOKMARK [2][-]{subsection.1.3.5}{\376\377\000E\000n\000t\000e\000r\000p\000r\000i\000s\000e\000\040\000C\000o\000n\000t\000e\000x\000t\000\040\000B\000e\000y\000o\000n\000d\000\040\000C\000I\000N\000E\000C\000A}{section.1.3}% 19
\BOOKMARK [2][-]{subsection.1.3.6}{\376\377\000T\000e\000c\000h\000n\000o\000l\000o\000g\000y\000\040\000E\000n\000v\000i\000r\000o\000n\000m\000e\000n\000t}{section.1.3}% 20
\BOOKMARK [1][-]{section.1.4}{\376\377\000P\000r\000o\000b\000l\000e\000m\000\040\000S\000t\000a\000t\000e\000m\000e\000n\000t}{chapter.1}% 21
\BOOKMARK [2][-]{subsection.1.4.1}{\376\377\000T\000h\000e\000\040\000P\000r\000o\000d\000u\000c\000t\000i\000o\000n\000\040\000D\000e\000p\000l\000o\000y\000m\000e\000n\000t\000\040\000G\000a\000p}{section.1.4}% 22
\BOOKMARK [2][-]{subsection.1.4.2}{\376\377\000C\000h\000a\000l\000l\000e\000n\000g\000e\000\040\0001\000:\000\040\000S\000e\000c\000u\000r\000i\000t\000y\000\040\000a\000n\000d\000\040\000A\000c\000c\000e\000s\000s\000\040\000C\000o\000n\000t\000r\000o\000l}{section.1.4}% 23
\BOOKMARK [2][-]{subsection.1.4.3}{\376\377\000C\000h\000a\000l\000l\000e\000n\000g\000e\000\040\0002\000:\000\040\000M\000u\000l\000t\000i\000-\000T\000e\000n\000a\000n\000c\000y\000\040\000R\000e\000q\000u\000i\000r\000e\000m\000e\000n\000t\000s}{section.1.4}% 24
\BOOKMARK [2][-]{subsection.1.4.4}{\376\377\000C\000h\000a\000l\000l\000e\000n\000g\000e\000\040\0003\000:\000\040\000K\000n\000o\000w\000l\000e\000d\000g\000e\000\040\000G\000r\000a\000p\000h\000\040\000I\000n\000t\000e\000g\000r\000a\000t\000i\000o\000n}{section.1.4}% 25
\BOOKMARK [2][-]{subsection.1.4.5}{\376\377\000C\000h\000a\000l\000l\000e\000n\000g\000e\000\040\0004\000:\000\040\000O\000p\000e\000r\000a\000t\000i\000o\000n\000a\000l\000\040\000R\000e\000l\000i\000a\000b\000i\000l\000i\000t\000y}{section.1.4}% 26
\BOOKMARK [2][-]{subsection.1.4.6}{\376\377\000C\000h\000a\000l\000l\000e\000n\000g\000e\000\040\0005\000:\000\040\000L\000L\000M\000\040\000P\000r\000o\000v\000i\000d\000e\000r\000\040\000M\000a\000n\000a\000g\000e\000m\000e\000n\000t}{section.1.4}% 27
\BOOKMARK [2][-]{subsection.1.4.7}{\376\377\000C\000h\000a\000l\000l\000e\000n\000g\000e\000\040\0006\000:\000\040\000T\000o\000o\000l\000\040\000E\000c\000o\000s\000y\000s\000t\000e\000m\000\040\000E\000x\000t\000e\000n\000s\000i\000b\000i\000l\000i\000t\000y}{section.1.4}% 28
\BOOKMARK [2][-]{subsection.1.4.8}{\376\377\000P\000r\000o\000b\000l\000e\000m\000\040\000S\000u\000m\000m\000a\000r\000y}{section.1.4}% 29
\BOOKMARK [1][-]{section.1.5}{\376\377\000R\000e\000s\000e\000a\000r\000c\000h\000\040\000O\000b\000j\000e\000c\000t\000i\000v\000e\000s}{chapter.1}% 30
\BOOKMARK [2][-]{subsection.1.5.1}{\376\377\000P\000r\000i\000m\000a\000r\000y\000\040\000O\000b\000j\000e\000c\000t\000i\000v\000e}{section.1.5}% 31
\BOOKMARK [2][-]{subsection.1.5.2}{\376\377\000S\000u\000b\000-\000O\000b\000j\000e\000c\000t\000i\000v\000e\000s}{section.1.5}% 32
\BOOKMARK [2][-]{subsection.1.5.3}{\376\377\000N\000o\000n\000-\000O\000b\000j\000e\000c\000t\000i\000v\000e\000s}{section.1.5}% 33
\BOOKMARK [2][-]{subsection.1.5.4}{\376\377\000O\000b\000j\000e\000c\000t\000i\000v\000e\000\040\000T\000r\000a\000c\000e\000a\000b\000i\000l\000i\000t\000y}{section.1.5}% 34
\BOOKMARK [2][-]{subsection.1.5.5}{\376\377\000V\000a\000l\000i\000d\000a\000t\000i\000o\000n\000\040\000A\000p\000p\000r\000o\000a\000c\000h}{section.1.5}% 35
\BOOKMARK [1][-]{section.1.6}{\376\377\000S\000c\000o\000p\000e\000\040\000a\000n\000d\000\040\000N\000o\000n\000-\000G\000o\000a\000l\000s}{chapter.1}% 36
\BOOKMARK [2][-]{subsection.1.6.1}{\376\377\000I\000n\000-\000S\000c\000o\000p\000e\000\040\000E\000l\000e\000m\000e\000n\000t\000s}{section.1.6}% 37
\BOOKMARK [2][-]{subsection.1.6.2}{\376\377\000O\000u\000t\000-\000o\000f\000-\000S\000c\000o\000p\000e\000\040\000E\000l\000e\000m\000e\000n\000t\000s\000\040\000\050\000N\000o\000n\000-\000G\000o\000a\000l\000s\000\051}{section.1.6}% 38
\BOOKMARK [2][-]{subsection.1.6.3}{\376\377\000B\000o\000u\000n\000d\000a\000r\000y\000\040\000C\000a\000s\000e\000s}{section.1.6}% 39
\BOOKMARK [2][-]{subsection.1.6.4}{\376\377\000S\000c\000o\000p\000e\000\040\000S\000u\000m\000m\000a\000r\000y}{section.1.6}% 40
\BOOKMARK [2][-]{subsection.1.6.5}{\376\377\000E\000x\000t\000e\000n\000s\000i\000b\000i\000l\000i\000t\000y\000\040\000f\000o\000r\000\040\000F\000u\000t\000u\000r\000e\000\040\000W\000o\000r\000k}{section.1.6}% 41
\BOOKMARK [1][-]{section.1.7}{\376\377\000I\000m\000p\000l\000e\000m\000e\000n\000t\000a\000t\000i\000o\000n\000\040\000S\000n\000a\000p\000s\000h\000o\000t}{chapter.1}% 42
\BOOKMARK [1][-]{section.1.8}{\376\377\000C\000o\000n\000t\000r\000i\000b\000u\000t\000i\000o\000n\000s}{chapter.1}% 43
\BOOKMARK [2][-]{subsection.1.8.1}{\376\377\000P\000r\000i\000m\000a\000r\000y\000\040\000C\000o\000n\000t\000r\000i\000b\000u\000t\000i\000o\000n\000s}{section.1.8}% 44
\BOOKMARK [2][-]{subsection.1.8.2}{\376\377\000S\000e\000c\000o\000n\000d\000a\000r\000y\000\040\000C\000o\000n\000t\000r\000i\000b\000u\000t\000i\000o\000n\000s}{section.1.8}% 45
\BOOKMARK [2][-]{subsection.1.8.3}{\376\377\000C\000o\000n\000t\000r\000i\000b\000u\000t\000i\000o\000n\000\040\000S\000u\000m\000m\000a\000r\000y}{section.1.8}% 46
\BOOKMARK [2][-]{subsection.1.8.4}{\376\377\000A\000r\000t\000i\000f\000a\000c\000t\000\040\000A\000v\000a\000i\000l\000a\000b\000i\000l\000i\000t\000y}{section.1.8}% 47
\BOOKMARK [1][-]{section.1.9}{\376\377\000T\000h\000e\000s\000i\000s\000\040\000S\000t\000r\000u\000c\000t\000u\000r\000e}{chapter.1}% 48
\BOOKMARK [2][-]{subsection.1.9.1}{\376\377\000P\000a\000r\000t\000\040\000I\000:\000\040\000I\000n\000t\000r\000o\000d\000u\000c\000t\000i\000o\000n\000\040\000a\000n\000d\000\040\000B\000a\000c\000k\000g\000r\000o\000u\000n\000d}{section.1.9}% 49
\BOOKMARK [2][-]{subsection.1.9.2}{\376\377\000P\000a\000r\000t\000\040\000I\000I\000:\000\040\000A\000r\000c\000h\000i\000t\000e\000c\000t\000u\000r\000e\000\040\000a\000n\000d\000\040\000D\000e\000s\000i\000g\000n}{section.1.9}% 50
\BOOKMARK [2][-]{subsection.1.9.3}{\376\377\000P\000a\000r\000t\000\040\000I\000I\000I\000:\000\040\000S\000e\000c\000u\000r\000i\000t\000y\000\040\000a\000n\000d\000\040\000G\000o\000v\000e\000r\000n\000a\000n\000c\000e}{section.1.9}% 51
\BOOKMARK [2][-]{subsection.1.9.4}{\376\377\000P\000a\000r\000t\000\040\000I\000V\000:\000\040\000O\000b\000s\000e\000r\000v\000a\000b\000i\000l\000i\000t\000y\000\040\000a\000n\000d\000\040\000O\000p\000e\000r\000a\000t\000i\000o\000n\000s}{section.1.9}% 52
\BOOKMARK [2][-]{subsection.1.9.5}{\376\377\000P\000a\000r\000t\000\040\000V\000:\000\040\000I\000m\000p\000l\000e\000m\000e\000n\000t\000a\000t\000i\000o\000n\000,\000\040\000D\000e\000p\000l\000o\000y\000m\000e\000n\000t\000,\000\040\000a\000n\000d\000\040\000E\000v\000a\000l\000u\000a\000t\000i\000o\000n}{section.1.9}% 53
\BOOKMARK [2][-]{subsection.1.9.6}{\376\377\000A\000p\000p\000e\000n\000d\000i\000c\000e\000s}{section.1.9}% 54
\BOOKMARK [2][-]{subsection.1.9.7}{\376\377\000R\000e\000a\000d\000i\000n\000g\000\040\000P\000a\000t\000h\000s}{section.1.9}% 55
\BOOKMARK [2][-]{subsection.1.9.8}{\376\377\000N\000o\000t\000a\000t\000i\000o\000n\000\040\000a\000n\000d\000\040\000C\000o\000n\000v\000e\000n\000t\000i\000o\000n\000s}{section.1.9}% 56
\BOOKMARK [0][-]{chapter.2}{\376\377\000B\000a\000c\000k\000g\000r\000o\000u\000n\000d\000\040\000a\000n\000d\000\040\000R\000e\000l\000a\000t\000e\000d\000\040\000W\000o\000r\000k}{}% 57
\BOOKMARK [1][-]{section.2.1}{\376\377\000L\000a\000r\000g\000e\000\040\000L\000a\000n\000g\000u\000a\000g\000e\000\040\000M\000o\000d\000e\000l\000s\000\040\000a\000n\000d\000\040\000A\000I\000\040\000A\000g\000e\000n\000t\000s}{chapter.2}% 58
\BOOKMARK [2][-]{subsection.2.1.1}{\376\377\000E\000v\000o\000l\000u\000t\000i\000o\000n\000\040\000o\000f\000\040\000L\000a\000r\000g\000e\000\040\000L\000a\000n\000g\000u\000a\000g\000e\000\040\000M\000o\000d\000e\000l\000s}{section.2.1}% 59
\BOOKMARK [2][-]{subsection.2.1.2}{\376\377\000D\000e\000f\000i\000n\000i\000t\000i\000o\000n\000\040\000a\000n\000d\000\040\000C\000h\000a\000r\000a\000c\000t\000e\000r\000i\000s\000t\000i\000c\000s\000\040\000o\000f\000\040\000A\000I\000\040\000A\000g\000e\000n\000t\000s}{section.2.1}% 60
\BOOKMARK [2][-]{subsection.2.1.3}{\376\377\000A\000g\000e\000n\000t\000\040\000A\000r\000c\000h\000i\000t\000e\000c\000t\000u\000r\000e\000s\000\040\000a\000n\000d\000\040\000R\000e\000a\000s\000o\000n\000i\000n\000g\000\040\000P\000a\000t\000t\000e\000r\000n\000s}{section.2.1}% 61
\BOOKMARK [2][-]{subsection.2.1.4}{\376\377\000T\000o\000o\000l\000\040\000U\000s\000e\000\040\000i\000n\000\040\000L\000L\000M\000\040\000A\000g\000e\000n\000t\000s}{section.2.1}% 62
\BOOKMARK [2][-]{subsection.2.1.5}{\376\377\000C\000h\000a\000l\000l\000e\000n\000g\000e\000s\000\040\000i\000n\000\040\000P\000r\000o\000d\000u\000c\000t\000i\000o\000n\000\040\000A\000g\000e\000n\000t\000\040\000D\000e\000p\000l\000o\000y\000m\000e\000n\000t}{section.2.1}% 63
\BOOKMARK [1][-]{section.2.2}{\376\377\000A\000g\000e\000n\000t\000\040\000O\000r\000c\000h\000e\000s\000t\000r\000a\000t\000i\000o\000n\000\040\000F\000r\000a\000m\000e\000w\000o\000r\000k\000s}{chapter.2}% 64
\BOOKMARK [2][-]{subsection.2.2.1}{\376\377\000O\000v\000e\000r\000v\000i\000e\000w\000\040\000o\000f\000\040\000t\000h\000e\000\040\000F\000r\000a\000m\000e\000w\000o\000r\000k\000\040\000L\000a\000n\000d\000s\000c\000a\000p\000e}{section.2.2}% 65
\BOOKMARK [2][-]{subsection.2.2.2}{\376\377\000L\000a\000n\000g\000C\000h\000a\000i\000n}{section.2.2}% 66
\BOOKMARK [2][-]{subsection.2.2.3}{\376\377\000L\000l\000a\000m\000a\000I\000n\000d\000e\000x}{section.2.2}% 67
\BOOKMARK [2][-]{subsection.2.2.4}{\376\377\000M\000i\000c\000r\000o\000s\000o\000f\000t\000\040\000S\000e\000m\000a\000n\000t\000i\000c\000\040\000K\000e\000r\000n\000e\000l}{section.2.2}% 68
\BOOKMARK [2][-]{subsection.2.2.5}{\376\377\000O\000p\000e\000n\000A\000I\000\040\000A\000s\000s\000i\000s\000t\000a\000n\000t\000s\000\040\000A\000P\000I}{section.2.2}% 69
\BOOKMARK [2][-]{subsection.2.2.6}{\376\377\000A\000u\000t\000o\000G\000e\000n}{section.2.2}% 70
\BOOKMARK [2][-]{subsection.2.2.7}{\376\377\000C\000r\000e\000w\000A\000I}{section.2.2}% 71
\BOOKMARK [2][-]{subsection.2.2.8}{\376\377\000S\000t\000a\000t\000e\000-\000o\000f\000-\000t\000h\000e\000-\000A\000r\000t\000\040\000C\000o\000m\000p\000a\000r\000i\000s\000o\000n\000\040\000M\000a\000t\000r\000i\000x}{section.2.2}% 72
\BOOKMARK [2][-]{subsection.2.2.9}{\376\377\000E\000x\000t\000e\000n\000d\000e\000d\000\040\000F\000r\000a\000m\000e\000w\000o\000r\000k\000\040\000C\000o\000m\000p\000a\000r\000i\000s\000o\000n}{section.2.2}% 73
\BOOKMARK [2][-]{subsection.2.2.10}{\376\377\000P\000o\000s\000i\000t\000i\000o\000n\000i\000n\000g\000\040\000o\000f\000\040\000t\000h\000e\000\040\000C\000i\000n\000e\000c\000a\000\040\000A\000g\000e\000n\000t\000i\000c\000\040\000P\000l\000a\000t\000f\000o\000r\000m}{section.2.2}% 74
\BOOKMARK [1][-]{section.2.3}{\376\377\000M\000o\000d\000e\000l\000\040\000C\000o\000n\000t\000e\000x\000t\000\040\000P\000r\000o\000t\000o\000c\000o\000l\000\040\000\050\000M\000C\000P\000\051}{chapter.2}% 75
\BOOKMARK [2][-]{subsection.2.3.1}{\376\377\000O\000r\000i\000g\000i\000n\000s\000\040\000a\000n\000d\000\040\000M\000o\000t\000i\000v\000a\000t\000i\000o\000n}{section.2.3}% 76
\BOOKMARK [2][-]{subsection.2.3.2}{\376\377\000P\000r\000o\000t\000o\000c\000o\000l\000\040\000A\000r\000c\000h\000i\000t\000e\000c\000t\000u\000r\000e}{section.2.3}% 77
\BOOKMARK [2][-]{subsection.2.3.3}{\376\377\000T\000o\000o\000l\000\040\000D\000e\000f\000i\000n\000i\000t\000i\000o\000n\000s}{section.2.3}% 78
\BOOKMARK [2][-]{subsection.2.3.4}{\376\377\000M\000C\000P\000\040\000S\000e\000r\000v\000e\000r\000s\000\040\000a\000n\000d\000\040\000E\000c\000o\000s\000y\000s\000t\000e\000m}{section.2.3}% 79
\BOOKMARK [2][-]{subsection.2.3.5}{\376\377\000A\000d\000v\000a\000n\000t\000a\000g\000e\000s\000\040\000f\000o\000r\000\040\000E\000n\000t\000e\000r\000p\000r\000i\000s\000e\000\040\000I\000n\000t\000e\000g\000r\000a\000t\000i\000o\000n}{section.2.3}% 80
\BOOKMARK [2][-]{subsection.2.3.6}{\376\377\000R\000e\000l\000a\000t\000i\000o\000n\000s\000h\000i\000p\000\040\000t\000o\000\040\000t\000h\000e\000\040\000C\000i\000n\000e\000c\000a\000\040\000A\000g\000e\000n\000t\000i\000c\000\040\000P\000l\000a\000t\000f\000o\000r\000m}{section.2.3}% 81
\BOOKMARK [2][-]{subsection.2.3.7}{\376\377\000M\000C\000P\000\040\000T\000o\000o\000l\000\040\000C\000a\000t\000e\000g\000o\000r\000i\000e\000s\000\040\000i\000n\000\040\000t\000h\000e\000\040\000P\000l\000a\000t\000f\000o\000r\000m}{section.2.3}% 82
\BOOKMARK [1][-]{section.2.4}{\376\377\000G\000r\000a\000p\000h\000\040\000D\000a\000t\000a\000b\000a\000s\000e\000s\000\040\000a\000n\000d\000\040\000N\000a\000t\000u\000r\000a\000l\000\040\000L\000a\000n\000g\000u\000a\000g\000e\000\040\000I\000n\000t\000e\000r\000f\000a\000c\000e\000s}{chapter.2}% 83
\BOOKMARK [2][-]{subsection.2.4.1}{\376\377\000G\000r\000a\000p\000h\000\040\000D\000a\000t\000a\000b\000a\000s\000e\000\040\000F\000u\000n\000d\000a\000m\000e\000n\000t\000a\000l\000s}{section.2.4}% 84
\BOOKMARK [2][-]{subsection.2.4.2}{\376\377\000C\000y\000p\000h\000e\000r\000\040\000Q\000u\000e\000r\000y\000\040\000L\000a\000n\000g\000u\000a\000g\000e}{section.2.4}% 85
\BOOKMARK [2][-]{subsection.2.4.3}{\376\377\000M\000e\000m\000g\000r\000a\000p\000h\000\040\000a\000n\000d\000\040\000N\000e\000o\0004\000j}{section.2.4}% 86
\BOOKMARK [2][-]{subsection.2.4.4}{\376\377\000N\000a\000t\000u\000r\000a\000l\000\040\000L\000a\000n\000g\000u\000a\000g\000e\000\040\000t\000o\000\040\000C\000y\000p\000h\000e\000r\000\040\000T\000r\000a\000n\000s\000l\000a\000t\000i\000o\000n}{section.2.4}% 87
\BOOKMARK [2][-]{subsection.2.4.5}{\376\377\000G\000r\000a\000p\000h\000\040\000S\000c\000h\000e\000m\000a\000\040\000f\000o\000r\000\040\000B\000i\000o\000i\000n\000f\000o\000r\000m\000a\000t\000i\000c\000s\000\040\000W\000o\000r\000k\000f\000l\000o\000w\000s}{section.2.4}% 88
\BOOKMARK [2][-]{subsection.2.4.6}{\376\377\000C\000o\000m\000p\000a\000r\000i\000s\000o\000n\000\040\000w\000i\000t\000h\000\040\000D\000o\000c\000u\000m\000e\000n\000t\000-\000B\000a\000s\000e\000d\000\040\000R\000e\000t\000r\000i\000e\000v\000a\000l}{section.2.4}% 89
\BOOKMARK [1][-]{section.2.5}{\376\377\000R\000e\000t\000r\000i\000e\000v\000a\000l\000-\000A\000u\000g\000m\000e\000n\000t\000e\000d\000\040\000G\000e\000n\000e\000r\000a\000t\000i\000o\000n\000\040\000a\000n\000d\000\040\000K\000n\000o\000w\000l\000e\000d\000g\000e\000\040\000G\000r\000a\000p\000h\000s}{chapter.2}% 90
\BOOKMARK [2][-]{subsection.2.5.1}{\376\377\000R\000e\000t\000r\000i\000e\000v\000a\000l\000-\000A\000u\000g\000m\000e\000n\000t\000e\000d\000\040\000G\000e\000n\000e\000r\000a\000t\000i\000o\000n\000\040\000O\000v\000e\000r\000v\000i\000e\000w}{section.2.5}% 91
\BOOKMARK [2][-]{subsection.2.5.2}{\376\377\000K\000n\000o\000w\000l\000e\000d\000g\000e\000\040\000G\000r\000a\000p\000h\000s\000\040\000i\000n\000\040\000A\000I\000\040\000S\000y\000s\000t\000e\000m\000s}{section.2.5}% 92
\BOOKMARK [2][-]{subsection.2.5.3}{\376\377\000C\000o\000m\000p\000a\000r\000i\000s\000o\000n\000:\000\040\000R\000A\000G\000\040\000o\000v\000e\000r\000\040\000D\000o\000c\000u\000m\000e\000n\000t\000s\000\040\000v\000s\000.\000\040\000N\000L\000-\000t\000o\000-\000C\000y\000p\000h\000e\000r\000\040\000o\000v\000e\000r\000\040\000G\000r\000a\000p\000h\000s}{section.2.5}% 93
\BOOKMARK [2][-]{subsection.2.5.4}{\376\377\000P\000l\000a\000t\000f\000o\000r\000m\000\040\000D\000e\000s\000i\000g\000n\000\040\000C\000h\000o\000i\000c\000e\000:\000\040\000G\000r\000a\000p\000h\000-\000N\000a\000t\000i\000v\000e\000\040\000A\000p\000p\000r\000o\000a\000c\000h}{section.2.5}% 94
\BOOKMARK [2][-]{subsection.2.5.5}{\376\377\000G\000r\000a\000p\000h\000\040\000R\000A\000G\000:\000\040\000E\000m\000e\000r\000g\000i\000n\000g\000\040\000H\000y\000b\000r\000i\000d\000\040\000A\000p\000p\000r\000o\000a\000c\000h\000e\000s}{section.2.5}% 95
\BOOKMARK [2][-]{subsection.2.5.6}{\376\377\000I\000m\000p\000l\000i\000c\000a\000t\000i\000o\000n\000s\000\040\000f\000o\000r\000\040\000T\000h\000e\000s\000i\000s\000\040\000S\000c\000o\000p\000e}{section.2.5}% 96
\BOOKMARK [1][-]{section.2.6}{\376\377\000S\000e\000c\000u\000r\000i\000t\000y\000\040\000a\000n\000d\000\040\000M\000u\000l\000t\000i\000-\000T\000e\000n\000a\000n\000c\000y\000\040\000F\000o\000u\000n\000d\000a\000t\000i\000o\000n\000s}{chapter.2}% 97
\BOOKMARK [2][-]{subsection.2.6.1}{\376\377\000A\000u\000t\000h\000e\000n\000t\000i\000c\000a\000t\000i\000o\000n\000\040\000F\000u\000n\000d\000a\000m\000e\000n\000t\000a\000l\000s}{section.2.6}% 98
\BOOKMARK [2][-]{subsection.2.6.2}{\376\377\000R\000o\000l\000e\000-\000B\000a\000s\000e\000d\000\040\000A\000c\000c\000e\000s\000s\000\040\000C\000o\000n\000t\000r\000o\000l\000\040\000\050\000R\000B\000A\000C\000\051}{section.2.6}% 99
\BOOKMARK [2][-]{subsection.2.6.3}{\376\377\000M\000u\000l\000t\000i\000-\000T\000e\000n\000a\000n\000t\000\040\000A\000r\000c\000h\000i\000t\000e\000c\000t\000u\000r\000e\000\040\000P\000a\000t\000t\000e\000r\000n\000s}{section.2.6}% 100
\BOOKMARK [2][-]{subsection.2.6.4}{\376\377\000A\000u\000d\000i\000t\000\040\000L\000o\000g\000g\000i\000n\000g\000\040\000a\000n\000d\000\040\000C\000o\000m\000p\000l\000i\000a\000n\000c\000e}{section.2.6}% 101
\BOOKMARK [2][-]{subsection.2.6.5}{\376\377\000S\000e\000c\000u\000r\000i\000t\000y\000\040\000C\000h\000a\000l\000l\000e\000n\000g\000e\000s\000\040\000i\000n\000\040\000A\000I\000\040\000A\000g\000e\000n\000t\000\040\000S\000y\000s\000t\000e\000m\000s}{section.2.6}% 102
\BOOKMARK [2][-]{subsection.2.6.6}{\376\377\000S\000e\000c\000u\000r\000i\000t\000y\000\040\000P\000r\000i\000n\000c\000i\000p\000l\000e\000s\000\040\000f\000o\000r\000\040\000E\000n\000t\000e\000r\000p\000r\000i\000s\000e\000\040\000A\000I\000\040\000P\000l\000a\000t\000f\000o\000r\000m\000s}{section.2.6}% 103
\BOOKMARK [1][-]{section.2.7}{\376\377\000O\000b\000s\000e\000r\000v\000a\000b\000i\000l\000i\000t\000y\000\040\000i\000n\000\040\000D\000i\000s\000t\000r\000i\000b\000u\000t\000e\000d\000\040\000S\000y\000s\000t\000e\000m\000s}{chapter.2}% 104
\BOOKMARK [2][-]{subsection.2.7.1}{\376\377\000T\000h\000e\000\040\000T\000h\000r\000e\000e\000\040\000P\000i\000l\000l\000a\000r\000s\000\040\000o\000f\000\040\000O\000b\000s\000e\000r\000v\000a\000b\000i\000l\000i\000t\000y}{section.2.7}% 105
\BOOKMARK [2][-]{subsection.2.7.2}{\376\377\000M\000e\000t\000r\000i\000c\000s\000:\000\040\000P\000r\000o\000m\000e\000t\000h\000e\000u\000s\000\040\000a\000n\000d\000\040\000B\000e\000y\000o\000n\000d}{section.2.7}% 106
\BOOKMARK [2][-]{subsection.2.7.3}{\376\377\000L\000o\000g\000g\000i\000n\000g\000:\000\040\000S\000t\000r\000u\000c\000t\000u\000r\000e\000d\000\040\000a\000n\000d\000\040\000C\000o\000r\000r\000e\000l\000a\000t\000e\000d}{section.2.7}% 107
\BOOKMARK [2][-]{subsection.2.7.4}{\376\377\000D\000i\000s\000t\000r\000i\000b\000u\000t\000e\000d\000\040\000T\000r\000a\000c\000i\000n\000g\000:\000\040\000O\000p\000e\000n\000T\000e\000l\000e\000m\000e\000t\000r\000y}{section.2.7}% 108
\BOOKMARK [2][-]{subsection.2.7.5}{\376\377\000H\000e\000a\000l\000t\000h\000\040\000C\000h\000e\000c\000k\000s\000\040\000a\000n\000d\000\040\000P\000r\000o\000b\000e\000s}{section.2.7}% 109
\BOOKMARK [2][-]{subsection.2.7.6}{\376\377\000O\000b\000s\000e\000r\000v\000a\000b\000i\000l\000i\000t\000y\000\040\000P\000a\000t\000t\000e\000r\000n\000s\000\040\000f\000o\000r\000\040\000A\000I\000\040\000P\000l\000a\000t\000f\000o\000r\000m\000s}{section.2.7}% 110
\BOOKMARK [2][-]{subsection.2.7.7}{\376\377\000C\000h\000a\000p\000t\000e\000r\000\040\000S\000u\000m\000m\000a\000r\000y}{section.2.7}% 111
\BOOKMARK [0][-]{chapter.3}{\376\377\000R\000e\000q\000u\000i\000r\000e\000m\000e\000n\000t\000s\000\040\000a\000n\000d\000\040\000D\000e\000s\000i\000g\000n\000\040\000G\000o\000a\000l\000s}{}% 112
\BOOKMARK [1][-]{section.3.1}{\376\377\000F\000u\000n\000c\000t\000i\000o\000n\000a\000l\000\040\000R\000e\000q\000u\000i\000r\000e\000m\000e\000n\000t\000s}{chapter.3}% 113
\BOOKMARK [2][-]{subsection.3.1.1}{\376\377\000S\000t\000a\000k\000e\000h\000o\000l\000d\000e\000r\000\040\000A\000n\000a\000l\000y\000s\000i\000s}{section.3.1}% 114
\BOOKMARK [2][-]{subsection.3.1.2}{\376\377\000U\000s\000e\000\040\000C\000a\000s\000e\000\040\000C\000a\000t\000e\000g\000o\000r\000i\000e\000s}{section.3.1}% 115
\BOOKMARK [2][-]{subsection.3.1.3}{\376\377\000T\000e\000r\000m\000i\000n\000o\000l\000o\000g\000y}{section.3.1}% 116
\BOOKMARK [2][-]{subsection.3.1.4}{\376\377\000A\000g\000e\000n\000t\000\040\000E\000x\000e\000c\000u\000t\000i\000o\000n\000\040\000R\000e\000q\000u\000i\000r\000e\000m\000e\000n\000t\000s}{section.3.1}% 117
\BOOKMARK [2][-]{subsection.3.1.5}{\376\377\000M\000o\000d\000e\000l\000\040\000M\000a\000n\000a\000g\000e\000m\000e\000n\000t\000\040\000R\000e\000q\000u\000i\000r\000e\000m\000e\000n\000t\000s}{section.3.1}% 118
\BOOKMARK [2][-]{subsection.3.1.6}{\376\377\000T\000o\000o\000l\000\040\000E\000c\000o\000s\000y\000s\000t\000e\000m\000\040\000R\000e\000q\000u\000i\000r\000e\000m\000e\000n\000t\000s}{section.3.1}% 119
\BOOKMARK [2][-]{subsection.3.1.7}{\376\377\000G\000r\000a\000p\000h\000\040\000Q\000u\000e\000r\000y\000\040\000R\000e\000q\000u\000i\000r\000e\000m\000e\000n\000t\000s}{section.3.1}% 120
\BOOKMARK [2][-]{subsection.3.1.8}{\376\377\000B\000a\000c\000k\000g\000r\000o\000u\000n\000d\000\040\000J\000o\000b\000\040\000R\000e\000q\000u\000i\000r\000e\000m\000e\000n\000t\000s}{section.3.1}% 121
\BOOKMARK [2][-]{subsection.3.1.9}{\376\377\000A\000d\000m\000i\000n\000i\000s\000t\000r\000a\000t\000i\000v\000e\000\040\000a\000n\000d\000\040\000O\000p\000e\000r\000a\000t\000i\000o\000n\000a\000l\000\040\000R\000e\000q\000u\000i\000r\000e\000m\000e\000n\000t\000s}{section.3.1}% 122
\BOOKMARK [2][-]{subsection.3.1.10}{\376\377\000A\000P\000I\000\040\000D\000e\000s\000i\000g\000n\000\040\000R\000e\000q\000u\000i\000r\000e\000m\000e\000n\000t\000s}{section.3.1}% 123
\BOOKMARK [2][-]{subsection.3.1.11}{\376\377\000U\000s\000e\000r\000\040\000I\000n\000t\000e\000r\000f\000a\000c\000e\000\040\000R\000e\000q\000u\000i\000r\000e\000m\000e\000n\000t\000s}{section.3.1}% 124
\BOOKMARK [2][-]{subsection.3.1.12}{\376\377\000R\000e\000q\000u\000i\000r\000e\000m\000e\000n\000t\000s\000\040\000S\000u\000m\000m\000a\000r\000y}{section.3.1}% 125
\BOOKMARK [1][-]{section.3.2}{\376\377\000N\000o\000n\000-\000F\000u\000n\000c\000t\000i\000o\000n\000a\000l\000\040\000R\000e\000q\000u\000i\000r\000e\000m\000e\000n\000t\000s}{chapter.3}% 126
\BOOKMARK [2][-]{subsection.3.2.1}{\376\377\000S\000e\000c\000u\000r\000i\000t\000y\000\040\000R\000e\000q\000u\000i\000r\000e\000m\000e\000n\000t\000s}{section.3.2}% 127
\BOOKMARK [2][-]{subsection.3.2.2}{\376\377\000M\000u\000l\000t\000i\000-\000T\000e\000n\000a\000n\000c\000y\000\040\000R\000e\000q\000u\000i\000r\000e\000m\000e\000n\000t\000s}{section.3.2}% 128
\BOOKMARK [2][-]{subsection.3.2.3}{\376\377\000R\000e\000l\000i\000a\000b\000i\000l\000i\000t\000y\000\040\000R\000e\000q\000u\000i\000r\000e\000m\000e\000n\000t\000s}{section.3.2}% 129
\BOOKMARK [2][-]{subsection.3.2.4}{\376\377\000P\000e\000r\000f\000o\000r\000m\000a\000n\000c\000e\000\040\000R\000e\000q\000u\000i\000r\000e\000m\000e\000n\000t\000s}{section.3.2}% 130
\BOOKMARK [2][-]{subsection.3.2.5}{\376\377\000A\000u\000d\000i\000t\000a\000b\000i\000l\000i\000t\000y\000\040\000a\000n\000d\000\040\000C\000o\000m\000p\000l\000i\000a\000n\000c\000e\000\040\000R\000e\000q\000u\000i\000r\000e\000m\000e\000n\000t\000s}{section.3.2}% 131
\BOOKMARK [2][-]{subsection.3.2.6}{\376\377\000O\000b\000s\000e\000r\000v\000a\000b\000i\000l\000i\000t\000y\000\040\000R\000e\000q\000u\000i\000r\000e\000m\000e\000n\000t\000s}{section.3.2}% 132
\BOOKMARK [2][-]{subsection.3.2.7}{\376\377\000S\000c\000a\000l\000a\000b\000i\000l\000i\000t\000y\000\040\000R\000e\000q\000u\000i\000r\000e\000m\000e\000n\000t\000s}{section.3.2}% 133
\BOOKMARK [2][-]{subsection.3.2.8}{\376\377\000R\000a\000t\000e\000\040\000L\000i\000m\000i\000t\000i\000n\000g\000\040\000R\000e\000q\000u\000i\000r\000e\000m\000e\000n\000t\000s}{section.3.2}% 134
\BOOKMARK [2][-]{subsection.3.2.9}{\376\377\000R\000e\000q\000u\000i\000r\000e\000m\000e\000n\000t\000s\000\040\000S\000u\000m\000m\000a\000r\000y}{section.3.2}% 135
\BOOKMARK [1][-]{section.3.3}{\376\377\000C\000o\000n\000s\000t\000r\000a\000i\000n\000t\000s\000\040\000a\000n\000d\000\040\000A\000s\000s\000u\000m\000p\000t\000i\000o\000n\000s}{chapter.3}% 136
\BOOKMARK [2][-]{subsection.3.3.1}{\376\377\000I\000n\000s\000t\000i\000t\000u\000t\000i\000o\000n\000a\000l\000\040\000C\000o\000n\000s\000t\000r\000a\000i\000n\000t\000s}{section.3.3}% 137
\BOOKMARK [2][-]{subsection.3.3.2}{\376\377\000T\000e\000c\000h\000n\000i\000c\000a\000l\000\040\000I\000n\000f\000r\000a\000s\000t\000r\000u\000c\000t\000u\000r\000e\000\040\000C\000o\000n\000s\000t\000r\000a\000i\000n\000t\000s}{section.3.3}% 138
\BOOKMARK [2][-]{subsection.3.3.3}{\376\377\000T\000e\000c\000h\000n\000o\000l\000o\000g\000y\000\040\000S\000t\000a\000c\000k\000\040\000C\000o\000n\000s\000t\000r\000a\000i\000n\000t\000s}{section.3.3}% 139
\BOOKMARK [2][-]{subsection.3.3.4}{\376\377\000R\000e\000g\000u\000l\000a\000t\000o\000r\000y\000\040\000a\000n\000d\000\040\000C\000o\000m\000p\000l\000i\000a\000n\000c\000e\000\040\000C\000o\000n\000s\000t\000r\000a\000i\000n\000t\000s}{section.3.3}% 140
\BOOKMARK [2][-]{subsection.3.3.5}{\376\377\000D\000e\000v\000e\000l\000o\000p\000m\000e\000n\000t\000\040\000P\000r\000o\000c\000e\000s\000s\000\040\000C\000o\000n\000s\000t\000r\000a\000i\000n\000t\000s}{section.3.3}% 141
\BOOKMARK [2][-]{subsection.3.3.6}{\376\377\000A\000s\000s\000u\000m\000p\000t\000i\000o\000n\000s}{section.3.3}% 142
\BOOKMARK [2][-]{subsection.3.3.7}{\376\377\000S\000c\000o\000p\000e\000\040\000B\000o\000u\000n\000d\000a\000r\000i\000e\000s}{section.3.3}% 143
\BOOKMARK [2][-]{subsection.3.3.8}{\376\377\000C\000o\000n\000s\000t\000r\000a\000i\000n\000t\000\040\000a\000n\000d\000\040\000A\000s\000s\000u\000m\000p\000t\000i\000o\000n\000\040\000V\000a\000l\000i\000d\000a\000t\000i\000o\000n}{section.3.3}% 144
\BOOKMARK [1][-]{section.3.4}{\376\377\000D\000e\000s\000i\000g\000n\000\040\000P\000r\000i\000n\000c\000i\000p\000l\000e\000s}{chapter.3}% 145
\BOOKMARK [2][-]{subsection.3.4.1}{\376\377\000S\000e\000p\000a\000r\000a\000t\000i\000o\000n\000\040\000o\000f\000\040\000C\000o\000n\000c\000e\000r\000n\000s\000:\000\040\000T\000h\000r\000e\000e\000-\000L\000a\000y\000e\000r\000\040\000A\000r\000c\000h\000i\000t\000e\000c\000t\000u\000r\000e}{section.3.4}% 146
\BOOKMARK [2][-]{subsection.3.4.2}{\376\377\000D\000e\000f\000e\000n\000s\000e\000\040\000i\000n\000\040\000D\000e\000p\000t\000h\000:\000\040\000S\000e\000c\000u\000r\000i\000t\000y\000\040\000L\000a\000y\000e\000r\000i\000n\000g}{section.3.4}% 147
\BOOKMARK [2][-]{subsection.3.4.3}{\376\377\000F\000a\000i\000l\000-\000S\000a\000f\000e\000\040\000D\000e\000f\000a\000u\000l\000t\000s}{section.3.4}% 148
\BOOKMARK [2][-]{subsection.3.4.4}{\376\377\000E\000x\000t\000e\000n\000s\000i\000b\000i\000l\000i\000t\000y\000\040\000a\000n\000d\000\040\000M\000o\000d\000u\000l\000a\000r\000i\000t\000y}{section.3.4}% 149
\BOOKMARK [2][-]{subsection.3.4.5}{\376\377\000O\000b\000s\000e\000r\000v\000a\000b\000i\000l\000i\000t\000y\000\040\000b\000y\000\040\000D\000e\000s\000i\000g\000n}{section.3.4}% 150
\BOOKMARK [2][-]{subsection.3.4.6}{\376\377\000E\000n\000t\000e\000r\000p\000r\000i\000s\000e\000-\000F\000i\000r\000s\000t\000\040\000D\000e\000s\000i\000g\000n\000\040\000T\000r\000a\000d\000e\000-\000o\000f\000f\000s}{section.3.4}% 151
\BOOKMARK [2][-]{subsection.3.4.7}{\376\377\000S\000t\000a\000t\000e\000l\000e\000s\000s\000\040\000A\000P\000I\000\040\000D\000e\000s\000i\000g\000n}{section.3.4}% 152
\BOOKMARK [2][-]{subsection.3.4.8}{\376\377\000A\000d\000a\000p\000t\000e\000r\000\040\000P\000a\000t\000t\000e\000r\000n\000\040\000f\000o\000r\000\040\000E\000x\000t\000e\000r\000n\000a\000l\000\040\000I\000n\000t\000e\000g\000r\000a\000t\000i\000o\000n}{section.3.4}% 153
\BOOKMARK [2][-]{subsection.3.4.9}{\376\377\000R\000e\000p\000o\000s\000i\000t\000o\000r\000y\000\040\000P\000a\000t\000t\000e\000r\000n\000\040\000f\000o\000r\000\040\000D\000a\000t\000a\000\040\000A\000c\000c\000e\000s\000s}{section.3.4}% 154
\BOOKMARK [2][-]{subsection.3.4.10}{\376\377\000P\000r\000i\000n\000c\000i\000p\000l\000e\000\040\000S\000u\000m\000m\000a\000r\000y}{section.3.4}% 155
\BOOKMARK [1][-]{section.3.5}{\376\377\000E\000v\000a\000l\000u\000a\000t\000i\000o\000n\000\040\000C\000r\000i\000t\000e\000r\000i\000a}{chapter.3}% 156
\BOOKMARK [2][-]{subsection.3.5.1}{\376\377\000E\000v\000a\000l\000u\000a\000t\000i\000o\000n\000\040\000F\000r\000a\000m\000e\000w\000o\000r\000k}{section.3.5}% 157
\BOOKMARK [2][-]{subsection.3.5.2}{\376\377\000F\000u\000n\000c\000t\000i\000o\000n\000a\000l\000\040\000C\000o\000m\000p\000l\000e\000t\000e\000n\000e\000s\000s\000\040\000C\000r\000i\000t\000e\000r\000i\000a}{section.3.5}% 158
\BOOKMARK [2][-]{subsection.3.5.3}{\376\377\000P\000e\000r\000f\000o\000r\000m\000a\000n\000c\000e\000\040\000E\000v\000a\000l\000u\000a\000t\000i\000o\000n\000\040\000C\000r\000i\000t\000e\000r\000i\000a}{section.3.5}% 159
\BOOKMARK [2][-]{subsection.3.5.4}{\376\377\000S\000e\000c\000u\000r\000i\000t\000y\000\040\000E\000v\000a\000l\000u\000a\000t\000i\000o\000n\000\040\000C\000r\000i\000t\000e\000r\000i\000a}{section.3.5}% 160
\BOOKMARK [2][-]{subsection.3.5.5}{\376\377\000R\000e\000l\000i\000a\000b\000i\000l\000i\000t\000y\000\040\000E\000v\000a\000l\000u\000a\000t\000i\000o\000n\000\040\000C\000r\000i\000t\000e\000r\000i\000a}{section.3.5}% 161
\BOOKMARK [2][-]{subsection.3.5.6}{\376\377\000O\000b\000s\000e\000r\000v\000a\000b\000i\000l\000i\000t\000y\000\040\000E\000v\000a\000l\000u\000a\000t\000i\000o\000n\000\040\000C\000r\000i\000t\000e\000r\000i\000a}{section.3.5}% 162
\BOOKMARK [2][-]{subsection.3.5.7}{\376\377\000O\000p\000e\000r\000a\000t\000i\000o\000n\000a\000l\000\040\000R\000e\000a\000d\000i\000n\000e\000s\000s\000\040\000C\000r\000i\000t\000e\000r\000i\000a}{section.3.5}% 163
\BOOKMARK [2][-]{subsection.3.5.8}{\376\377\000T\000e\000s\000t\000i\000n\000g\000\040\000C\000o\000v\000e\000r\000a\000g\000e\000\040\000C\000r\000i\000t\000e\000r\000i\000a}{section.3.5}% 164
\BOOKMARK [2][-]{subsection.3.5.9}{\376\377\000C\000o\000m\000p\000a\000r\000a\000t\000i\000v\000e\000\040\000E\000v\000a\000l\000u\000a\000t\000i\000o\000n\000\040\000C\000r\000i\000t\000e\000r\000i\000a}{section.3.5}% 165
\BOOKMARK [2][-]{subsection.3.5.10}{\376\377\000E\000v\000a\000l\000u\000a\000t\000i\000o\000n\000\040\000S\000u\000m\000m\000a\000r\000y\000\040\000M\000a\000t\000r\000i\000x}{section.3.5}% 166
\BOOKMARK [1][-]{section.3.6}{\376\377\000R\000e\000q\000u\000i\000r\000e\000m\000e\000n\000t\000s\000\040\000T\000r\000a\000c\000e\000a\000b\000i\000l\000i\000t\000y\000\040\000M\000a\000t\000r\000i\000x}{chapter.3}% 167
\BOOKMARK [2][-]{subsection.3.6.1}{\376\377\000T\000r\000a\000c\000e\000a\000b\000i\000l\000i\000t\000y\000\040\000M\000a\000t\000r\000i\000x\000\040\000S\000t\000r\000u\000c\000t\000u\000r\000e}{section.3.6}% 168
\BOOKMARK [2][-]{subsection.3.6.2}{\376\377\000F\000u\000n\000c\000t\000i\000o\000n\000a\000l\000\040\000R\000e\000q\000u\000i\000r\000e\000m\000e\000n\000t\000s\000\040\000T\000r\000a\000c\000e\000a\000b\000i\000l\000i\000t\000y}{section.3.6}% 169
\BOOKMARK [2][-]{subsection.3.6.3}{\376\377\000N\000o\000n\000-\000F\000u\000n\000c\000t\000i\000o\000n\000a\000l\000\040\000R\000e\000q\000u\000i\000r\000e\000m\000e\000n\000t\000s\000\040\000T\000r\000a\000c\000e\000a\000b\000i\000l\000i\000t\000y}{section.3.6}% 170
\BOOKMARK [2][-]{subsection.3.6.4}{\376\377\000T\000r\000a\000c\000e\000a\000b\000i\000l\000i\000t\000y\000\040\000S\000u\000m\000m\000a\000r\000y}{section.3.6}% 171
\BOOKMARK [2][-]{subsection.3.6.5}{\376\377\000V\000e\000r\000i\000f\000i\000c\000a\000t\000i\000o\000n\000\040\000M\000e\000t\000h\000o\000d\000\040\000L\000e\000g\000e\000n\000d}{section.3.6}% 172
\BOOKMARK [1][-]{section.3.7}{\376\377\000C\000h\000a\000p\000t\000e\000r\000\040\000S\000u\000m\000m\000a\000r\000y}{chapter.3}% 173
\BOOKMARK [0][-]{chapter.4}{\376\377\000S\000y\000s\000t\000e\000m\000\040\000A\000r\000c\000h\000i\000t\000e\000c\000t\000u\000r\000e}{}% 174
\BOOKMARK [1][-]{section.4.1}{\376\377\000E\000x\000e\000c\000u\000t\000i\000v\000e\000\040\000S\000u\000m\000m\000a\000r\000y}{chapter.4}% 175
\BOOKMARK [2][-]{subsection.4.1.1}{\376\377\000P\000l\000a\000t\000f\000o\000r\000m\000\040\000O\000v\000e\000r\000v\000i\000e\000w}{section.4.1}% 176
\BOOKMARK [2][-]{subsection.4.1.2}{\376\377\000P\000l\000a\000t\000f\000o\000r\000m\000\040\000S\000t\000a\000t\000i\000s\000t\000i\000c\000s}{section.4.1}% 177
\BOOKMARK [1][-]{section.4.2}{\376\377\000H\000i\000g\000h\000-\000L\000e\000v\000e\000l\000\040\000A\000r\000c\000h\000i\000t\000e\000c\000t\000u\000r\000e\000\040\000O\000v\000e\000r\000v\000i\000e\000w}{chapter.4}% 178
\BOOKMARK [2][-]{subsection.4.2.1}{\376\377\000A\000r\000c\000h\000i\000t\000e\000c\000t\000u\000r\000a\000l\000\040\000L\000a\000y\000e\000r\000s}{section.4.2}% 179
\BOOKMARK [1][-]{section.4.3}{\376\377\000L\000a\000y\000e\000r\000\040\0001\000:\000\040\000I\000d\000e\000n\000t\000i\000t\000y\000\040\000a\000n\000d\000\040\000A\000u\000t\000h\000e\000n\000t\000i\000c\000a\000t\000i\000o\000n}{chapter.4}% 180
\BOOKMARK [2][-]{subsection.4.3.1}{\376\377\000I\000d\000e\000n\000t\000i\000t\000y\000\040\000P\000r\000o\000v\000i\000d\000e\000r\000\040\000\050\000O\000I\000D\000C\000\040\000/\000\040\000A\000u\000t\000h\0000\000\051}{section.4.3}% 181
\BOOKMARK [2][-]{subsection.4.3.2}{\376\377\000U\000s\000e\000r\000\040\000I\000n\000t\000e\000r\000f\000a\000c\000e\000s}{section.4.3}% 182
\BOOKMARK [2][-]{subsection.4.3.3}{\376\377\000R\000e\000v\000e\000r\000s\000e\000\040\000P\000r\000o\000x\000y\000\040\000/\000\040\000A\000P\000I\000\040\000G\000a\000t\000e\000w\000a\000y\000\040\000\050\000N\000G\000I\000N\000X\000\051}{section.4.3}% 183
\BOOKMARK [1][-]{section.4.4}{\376\377\000L\000a\000y\000e\000r\000\040\0002\000:\000\040\000S\000e\000c\000u\000r\000i\000t\000y\000\040\000M\000i\000d\000d\000l\000e\000w\000a\000r\000e\000\040\000S\000t\000a\000c\000k}{chapter.4}% 184
\BOOKMARK [2][-]{subsection.4.4.1}{\376\377\000M\000i\000d\000d\000l\000e\000w\000a\000r\000e\000\040\000P\000i\000p\000e\000l\000i\000n\000e}{section.4.4}% 185
\BOOKMARK [2][-]{subsection.4.4.2}{\376\377\000R\000B\000A\000C\000\040\000P\000e\000r\000m\000i\000s\000s\000i\000o\000n\000\040\000M\000a\000t\000r\000i\000x}{section.4.4}% 186
\BOOKMARK [2][-]{subsection.4.4.3}{\376\377\000R\000a\000t\000e\000\040\000L\000i\000m\000i\000t\000e\000r}{section.4.4}% 187
\BOOKMARK [2][-]{subsection.4.4.4}{\376\377\000I\000n\000p\000u\000t\000\040\000G\000u\000a\000r\000d}{section.4.4}% 188
\BOOKMARK [2][-]{subsection.4.4.5}{\376\377\000O\000u\000t\000p\000u\000t\000\040\000G\000u\000a\000r\000d}{section.4.4}% 189
\BOOKMARK [1][-]{section.4.5}{\376\377\000L\000a\000y\000e\000r\000\040\0003\000:\000\040\000A\000P\000I\000\040\000L\000a\000y\000e\000r}{chapter.4}% 190
\BOOKMARK [1][-]{section.4.6}{\376\377\000L\000a\000y\000e\000r\000\040\0004\000:\000\040\000E\000x\000e\000c\000u\000t\000i\000o\000n\000\040\000W\000o\000r\000k\000f\000l\000o\000w\000s}{chapter.4}% 191
\BOOKMARK [2][-]{subsection.4.6.1}{\376\377\000W\000o\000r\000k\000f\000l\000o\000w\000\040\000C\000o\000m\000p\000a\000r\000i\000s\000o\000n}{section.4.6}% 192
\BOOKMARK [2][-]{subsection.4.6.2}{\376\377\000W\000o\000r\000k\000f\000l\000o\000w\000\040\000A\000:\000\040\000A\000g\000e\000n\000t\000\040\000R\000u\000n\000s}{section.4.6}% 193
\BOOKMARK [2][-]{subsection.4.6.3}{\376\377\000W\000o\000r\000k\000f\000l\000o\000w\000\040\000B\000:\000\040\000L\000o\000n\000g\000-\000R\000u\000n\000n\000i\000n\000g\000\040\000J\000o\000b\000s}{section.4.6}% 194
\BOOKMARK [2][-]{subsection.4.6.4}{\376\377\000J\000o\000b\000\040\000C\000r\000e\000a\000t\000i\000o\000n\000\040\000F\000l\000o\000w}{section.4.6}% 195
\BOOKMARK [2][-]{subsection.4.6.5}{\376\377\000W\000o\000r\000k\000e\000r\000\040\000P\000r\000o\000c\000e\000s\000s\000i\000n\000g\000\040\000L\000o\000o\000p}{section.4.6}% 196
\BOOKMARK [1][-]{section.4.7}{\376\377\000L\000a\000y\000e\000r\000\040\0005\000:\000\040\000S\000e\000r\000v\000i\000c\000e\000\040\000L\000a\000y\000e\000r\000\040\000\050\000O\000r\000c\000h\000e\000s\000t\000r\000a\000t\000o\000r\000\051}{chapter.4}% 197
\BOOKMARK [2][-]{subsection.4.7.1}{\376\377\000P\000h\000a\000s\000e\000\040\0001\000:\000\040\000I\000n\000t\000e\000n\000t\000\040\000C\000l\000a\000s\000s\000i\000f\000i\000c\000a\000t\000i\000o\000n}{section.4.7}% 198
\BOOKMARK [2][-]{subsection.4.7.2}{\376\377\000P\000h\000a\000s\000e\000\040\0002\000:\000\040\000T\000O\000D\000O\000\040\000P\000l\000a\000n\000n\000i\000n\000g}{section.4.7}% 199
\BOOKMARK [2][-]{subsection.4.7.3}{\376\377\000P\000h\000a\000s\000e\000\040\0003\000:\000\040\000S\000t\000e\000p\000\040\000E\000x\000e\000c\000u\000t\000i\000o\000n}{section.4.7}% 200
\BOOKMARK [2][-]{subsection.4.7.4}{\376\377\000P\000h\000a\000s\000e\000\040\0004\000:\000\040\000F\000i\000n\000a\000l\000i\000z\000a\000t\000i\000o\000n}{section.4.7}% 201
\BOOKMARK [1][-]{section.4.8}{\376\377\000L\000a\000y\000e\000r\000\040\0006\000:\000\040\000L\000L\000M\000\040\000P\000r\000o\000v\000i\000d\000e\000r\000s}{chapter.4}% 202
\BOOKMARK [2][-]{subsection.4.8.1}{\376\377\000S\000u\000p\000p\000o\000r\000t\000e\000d\000\040\000P\000r\000o\000v\000i\000d\000e\000r\000s}{section.4.8}% 203
\BOOKMARK [2][-]{subsection.4.8.2}{\376\377\000P\000r\000o\000v\000i\000d\000e\000r\000\040\000S\000e\000l\000e\000c\000t\000i\000o\000n\000\040\000H\000i\000e\000r\000a\000r\000c\000h\000y}{section.4.8}% 204
\BOOKMARK [1][-]{section.4.9}{\376\377\000L\000a\000y\000e\000r\000\040\0007\000:\000\040\000M\000C\000P\000\040\000R\000u\000n\000t\000i\000m\000e\000\040\000a\000n\000d\000\040\000T\000o\000o\000l\000s}{chapter.4}% 205
\BOOKMARK [2][-]{subsection.4.9.1}{\376\377\000T\000o\000o\000l\000\040\000C\000a\000t\000e\000g\000o\000r\000i\000e\000s}{section.4.9}% 206
\BOOKMARK [2][-]{subsection.4.9.2}{\376\377\000T\000o\000o\000l\000\040\000I\000n\000v\000o\000c\000a\000t\000i\000o\000n\000\040\000F\000l\000o\000w}{section.4.9}% 207
\BOOKMARK [2][-]{subsection.4.9.3}{\376\377\000T\000o\000o\000l\000\040\000M\000a\000n\000i\000f\000e\000s\000t\000\040\000S\000c\000h\000e\000m\000a}{section.4.9}% 208
\BOOKMARK [1][-]{section.4.10}{\376\377\000L\000a\000y\000e\000r\000\040\0008\000:\000\040\000N\000L\000-\000t\000o\000-\000C\000y\000p\000h\000e\000r\000\040\000P\000i\000p\000e\000l\000i\000n\000e}{chapter.4}% 209
\BOOKMARK [2][-]{subsection.4.10.1}{\376\377\000P\000i\000p\000e\000l\000i\000n\000e\000\040\000S\000t\000a\000g\000e\000s}{section.4.10}% 210
\BOOKMARK [2][-]{subsection.4.10.2}{\376\377\000E\000n\000d\000-\000t\000o\000-\000E\000n\000d\000\040\000E\000x\000a\000m\000p\000l\000e}{section.4.10}% 211
\BOOKMARK [1][-]{section.4.11}{\376\377\000L\000a\000y\000e\000r\000\040\0009\000:\000\040\000D\000a\000t\000a\000\040\000L\000a\000y\000e\000r}{chapter.4}% 212
\BOOKMARK [2][-]{subsection.4.11.1}{\376\377\000D\000a\000t\000a\000b\000a\000s\000e\000\040\000C\000o\000m\000p\000a\000r\000i\000s\000o\000n}{section.4.11}% 213
\BOOKMARK [2][-]{subsection.4.11.2}{\376\377\000R\000e\000d\000i\000s\000\040\000\050\000S\000p\000e\000e\000d\000\040\000L\000a\000y\000e\000r\000\051}{section.4.11}% 214
\BOOKMARK [2][-]{subsection.4.11.3}{\376\377\000P\000o\000s\000t\000g\000r\000e\000S\000Q\000L\000\040\000\050\000D\000u\000r\000a\000b\000i\000l\000i\000t\000y\000\040\000L\000a\000y\000e\000r\000\051}{section.4.11}% 215
\BOOKMARK [2][-]{subsection.4.11.4}{\376\377\000M\000e\000m\000g\000r\000a\000p\000h\000\040\000\050\000G\000r\000a\000p\000h\000\040\000L\000a\000y\000e\000r\000\051}{section.4.11}% 216
\BOOKMARK [1][-]{section.4.12}{\376\377\000L\000a\000y\000e\000r\000\040\0001\0000\000:\000\040\000A\000d\000a\000p\000t\000e\000r\000s}{chapter.4}% 217
\BOOKMARK [2][-]{subsection.4.12.1}{\376\377\000L\000L\000M\000\040\000A\000d\000a\000p\000t\000e\000r\000s}{section.4.12}% 218
\BOOKMARK [2][-]{subsection.4.12.2}{\376\377\000D\000a\000t\000a\000b\000a\000s\000e\000\040\000A\000d\000a\000p\000t\000e\000r\000s}{section.4.12}% 219
\BOOKMARK [1][-]{section.4.13}{\376\377\000L\000a\000y\000e\000r\000\040\0001\0001\000:\000\040\000R\000e\000s\000i\000l\000i\000e\000n\000c\000e\000\040\000F\000r\000a\000m\000e\000w\000o\000r\000k}{chapter.4}% 220
\BOOKMARK [2][-]{subsection.4.13.1}{\376\377\000C\000i\000r\000c\000u\000i\000t\000\040\000B\000r\000e\000a\000k\000e\000r\000\040\000P\000a\000t\000t\000e\000r\000n}{section.4.13}% 221
\BOOKMARK [2][-]{subsection.4.13.2}{\376\377\000R\000e\000t\000r\000y\000\040\000S\000t\000r\000a\000t\000e\000g\000y}{section.4.13}% 222
\BOOKMARK [2][-]{subsection.4.13.3}{\376\377\000P\000r\000o\000v\000i\000d\000e\000r\000\040\000F\000a\000l\000l\000b\000a\000c\000k\000\040\000C\000h\000a\000i\000n}{section.4.13}% 223
\BOOKMARK [2][-]{subsection.4.13.4}{\376\377\000C\000o\000s\000t\000\040\000T\000r\000a\000c\000k\000i\000n\000g}{section.4.13}% 224
\BOOKMARK [1][-]{section.4.14}{\376\377\000L\000a\000y\000e\000r\000\040\0001\0002\000:\000\040\000B\000a\000c\000k\000g\000r\000o\000u\000n\000d\000\040\000F\000r\000a\000m\000e\000w\000o\000r\000k}{chapter.4}% 225
\BOOKMARK [2][-]{subsection.4.14.1}{\376\377\000S\000c\000h\000e\000d\000u\000l\000e\000d\000\040\000T\000a\000s\000k\000s}{section.4.14}% 226
\BOOKMARK [1][-]{section.4.15}{\376\377\000L\000a\000y\000e\000r\000\040\0001\0003\000:\000\040\000O\000b\000s\000e\000r\000v\000a\000b\000i\000l\000i\000t\000y\000\040\000a\000n\000d\000\040\000M\000o\000n\000i\000t\000o\000r\000i\000n\000g}{chapter.4}% 227
\BOOKMARK [2][-]{subsection.4.15.1}{\376\377\000T\000r\000a\000c\000i\000n\000g\000\040\000\050\000O\000p\000e\000n\000T\000e\000l\000e\000m\000e\000t\000r\000y\000\051}{section.4.15}% 228
\BOOKMARK [2][-]{subsection.4.15.2}{\376\377\000P\000r\000o\000m\000e\000t\000h\000e\000u\000s\000\040\000M\000e\000t\000r\000i\000c\000s}{section.4.15}% 229
\BOOKMARK [2][-]{subsection.4.15.3}{\376\377\000G\000r\000a\000f\000a\000n\000a\000\040\000D\000a\000s\000h\000b\000o\000a\000r\000d\000s}{section.4.15}% 230
\BOOKMARK [2][-]{subsection.4.15.4}{\376\377\000H\000e\000a\000l\000t\000h\000\040\000E\000n\000d\000p\000o\000i\000n\000t\000s}{section.4.15}% 231
\BOOKMARK [1][-]{section.4.16}{\376\377\000S\000u\000m\000m\000a\000r\000y}{chapter.4}% 232
\BOOKMARK [0][-]{chapter.5}{\376\377\000A\000g\000e\000n\000t\000\040\000O\000r\000c\000h\000e\000s\000t\000r\000a\000t\000i\000o\000n\000\040\000E\000n\000g\000i\000n\000e}{}% 233
\BOOKMARK [1][-]{section.5.1}{\376\377\000O\000r\000c\000h\000e\000s\000t\000r\000a\000t\000i\000o\000n\000\040\000D\000e\000s\000i\000g\000n}{chapter.5}% 234
\BOOKMARK [2][-]{subsection.5.1.1}{\376\377\000O\000r\000c\000h\000e\000s\000t\000r\000a\000t\000o\000r\000\040\000A\000r\000c\000h\000i\000t\000e\000c\000t\000u\000r\000e\000\040\000a\000n\000d\000\040\000R\000e\000s\000p\000o\000n\000s\000i\000b\000i\000l\000i\000t\000i\000e\000s}{section.5.1}% 235
\BOOKMARK [2][-]{subsection.5.1.2}{\376\377\000E\000x\000e\000c\000u\000t\000i\000o\000n\000\040\000F\000l\000o\000w\000\040\000O\000v\000e\000r\000v\000i\000e\000w}{section.5.1}% 236
\BOOKMARK [2][-]{subsection.5.1.3}{\376\377\000O\000r\000c\000h\000e\000s\000t\000r\000a\000t\000i\000o\000n\000R\000e\000s\000u\000l\000t\000\040\000D\000a\000t\000a\000\040\000S\000t\000r\000u\000c\000t\000u\000r\000e}{section.5.1}% 237
\BOOKMARK [2][-]{subsection.5.1.4}{\376\377\000T\000i\000m\000e\000o\000u\000t\000\040\000C\000o\000n\000f\000i\000g\000u\000r\000a\000t\000i\000o\000n\000\040\000a\000n\000d\000\040\000B\000u\000d\000g\000e\000t\000\040\000M\000a\000n\000a\000g\000e\000m\000e\000n\000t}{section.5.1}% 238
\BOOKMARK [2][-]{subsection.5.1.5}{\376\377\000E\000x\000e\000c\000u\000t\000i\000o\000n\000\040\000M\000o\000d\000e\000s\000\040\000a\000n\000d\000\040\000R\000u\000n\000\040\000T\000y\000p\000e\000s}{section.5.1}% 239
\BOOKMARK [2][-]{subsection.5.1.6}{\376\377\000D\000e\000s\000i\000g\000n\000\040\000T\000r\000a\000d\000e\000-\000o\000f\000f\000s\000\040\000a\000n\000d\000\040\000R\000a\000t\000i\000o\000n\000a\000l\000e}{section.5.1}% 240
\BOOKMARK [2][-]{subsection.5.1.7}{\376\377\000I\000n\000t\000e\000g\000r\000a\000t\000i\000o\000n\000\040\000P\000o\000i\000n\000t\000s}{section.5.1}% 241
\BOOKMARK [1][-]{section.5.2}{\376\377\000I\000n\000t\000e\000n\000t\000\040\000C\000l\000a\000s\000s\000i\000f\000i\000c\000a\000t\000i\000o\000n}{chapter.5}% 242
\BOOKMARK [2][-]{subsection.5.2.1}{\376\377\000I\000n\000t\000e\000n\000t\000\040\000C\000l\000a\000s\000s\000i\000f\000i\000c\000a\000t\000i\000o\000n\000\040\000A\000r\000c\000h\000i\000t\000e\000c\000t\000u\000r\000e}{section.5.2}% 243
\BOOKMARK [2][-]{subsection.5.2.2}{\376\377\000P\000a\000t\000t\000e\000r\000n\000\040\000C\000a\000t\000e\000g\000o\000r\000i\000e\000s}{section.5.2}% 244
\BOOKMARK [2][-]{subsection.5.2.3}{\376\377\000A\000m\000b\000i\000g\000u\000i\000t\000y\000\040\000H\000a\000n\000d\000l\000i\000n\000g\000\040\000a\000n\000d\000\040\000E\000d\000g\000e\000\040\000C\000a\000s\000e\000s}{section.5.2}% 245
\BOOKMARK [2][-]{subsection.5.2.4}{\376\377\000C\000o\000n\000f\000i\000d\000e\000n\000c\000e\000\040\000T\000h\000r\000e\000s\000h\000o\000l\000d\000s}{section.5.2}% 246
\BOOKMARK [2][-]{subsection.5.2.5}{\376\377\000P\000r\000o\000m\000p\000t\000\040\000C\000a\000t\000a\000l\000o\000g\000\040\000a\000n\000d\000\040\000P\000a\000t\000t\000e\000r\000n\000-\000B\000a\000s\000e\000d\000\040\000R\000o\000u\000t\000i\000n\000g}{section.5.2}% 247
\BOOKMARK [2][-]{subsection.5.2.6}{\376\377\000L\000L\000M\000\040\000F\000a\000l\000l\000b\000a\000c\000k\000\040\000C\000l\000a\000s\000s\000i\000f\000i\000c\000a\000t\000i\000o\000n}{section.5.2}% 248
\BOOKMARK [1][-]{section.5.3}{\376\377\000A\000g\000e\000n\000t\000\040\000R\000u\000n\000\040\000L\000i\000f\000e\000c\000y\000c\000l\000e}{chapter.5}% 249
\BOOKMARK [2][-]{subsection.5.3.1}{\376\377\000S\000t\000a\000t\000e\000\040\000M\000a\000c\000h\000i\000n\000e\000\040\000D\000e\000f\000i\000n\000i\000t\000i\000o\000n}{section.5.3}% 250
\BOOKMARK [2][-]{subsection.5.3.2}{\376\377\000E\000n\000d\000-\000t\000o\000-\000E\000n\000d\000\040\000R\000e\000q\000u\000e\000s\000t\000\040\000F\000l\000o\000w}{section.5.3}% 251
\BOOKMARK [2][-]{subsection.5.3.3}{\376\377\000P\000o\000l\000l\000i\000n\000g\000\040\000a\000n\000d\000\040\000S\000S\000E\000\040\000S\000t\000r\000e\000a\000m\000i\000n\000g}{section.5.3}% 252
\BOOKMARK [2][-]{subsection.5.3.4}{\376\377\000A\000g\000e\000n\000t\000\040\000R\000u\000n\000\040\000I\000n\000t\000e\000r\000n\000a\000l\000\040\000S\000t\000r\000u\000c\000t\000u\000r\000e}{section.5.3}% 253
\BOOKMARK [2][-]{subsection.5.3.5}{\376\377\000P\000e\000r\000s\000i\000s\000t\000e\000n\000c\000e\000\040\000a\000n\000d\000\040\000C\000a\000c\000h\000i\000n\000g\000\040\000S\000t\000r\000a\000t\000e\000g\000y}{section.5.3}% 254
\BOOKMARK [2][-]{subsection.5.3.6}{\376\377\000E\000r\000r\000o\000r\000\040\000H\000a\000n\000d\000l\000i\000n\000g\000\040\000a\000n\000d\000\040\000R\000e\000c\000o\000v\000e\000r\000y}{section.5.3}% 255
\BOOKMARK [1][-]{section.5.4}{\376\377\000N\000L\000-\000t\000o\000-\000C\000y\000p\000h\000e\000r\000\040\000P\000i\000p\000e\000l\000i\000n\000e}{chapter.5}% 256
\BOOKMARK [2][-]{subsection.5.4.1}{\376\377\000P\000i\000p\000e\000l\000i\000n\000e\000\040\000A\000r\000c\000h\000i\000t\000e\000c\000t\000u\000r\000e\000\040\000O\000v\000e\000r\000v\000i\000e\000w}{section.5.4}% 257
\BOOKMARK [2][-]{subsection.5.4.2}{\376\377\000W\000o\000r\000k\000e\000d\000\040\000E\000x\000a\000m\000p\000l\000e\000:\000\040\000E\000n\000d\000-\000t\000o\000-\000E\000n\000d\000\040\000N\000L\000-\000t\000o\000-\000C\000y\000p\000h\000e\000r\000\040\000P\000i\000p\000e\000l\000i\000n\000e}{section.5.4}% 258
\BOOKMARK [2][-]{subsection.5.4.3}{\376\377\000P\000i\000p\000e\000l\000i\000n\000e\000\040\000S\000t\000a\000g\000e\000s}{section.5.4}% 259
\BOOKMARK [2][-]{subsection.5.4.4}{\376\377\000F\000a\000i\000l\000u\000r\000e\000\040\000M\000o\000d\000e\000s\000\040\000a\000n\000d\000\040\000S\000a\000f\000e\000t\000y\000\040\000G\000u\000a\000r\000d\000r\000a\000i\000l\000s}{section.5.4}% 260
\BOOKMARK [2][-]{subsection.5.4.5}{\376\377\000T\000e\000s\000t\000\040\000M\000o\000d\000e\000\040\000f\000o\000r\000\040\000D\000e\000t\000e\000r\000m\000i\000n\000i\000s\000t\000i\000c\000\040\000T\000e\000s\000t\000i\000n\000g}{section.5.4}% 261
\BOOKMARK [2][-]{subsection.5.4.6}{\376\377\000N\000L\000-\000t\000o\000-\000C\000y\000p\000h\000e\000r\000\040\000A\000d\000v\000a\000n\000t\000a\000g\000e\000s\000\040\000o\000v\000e\000r\000\040\000R\000A\000G}{section.5.4}% 262
\BOOKMARK [2][-]{subsection.5.4.7}{\376\377\000T\000r\000a\000d\000e\000-\000o\000f\000f\000s\000\040\000a\000n\000d\000\040\000L\000i\000m\000i\000t\000a\000t\000i\000o\000n\000s}{section.5.4}% 263
\BOOKMARK [1][-]{section.5.5}{\376\377\000L\000L\000M\000\040\000P\000r\000o\000v\000i\000d\000e\000r\000\040\000M\000a\000n\000a\000g\000e\000m\000e\000n\000t}{chapter.5}% 264
\BOOKMARK [2][-]{subsection.5.5.1}{\376\377\000P\000r\000o\000v\000i\000d\000e\000r\000\040\000R\000e\000g\000i\000s\000t\000r\000y\000\040\000A\000r\000c\000h\000i\000t\000e\000c\000t\000u\000r\000e}{section.5.5}% 265
\BOOKMARK [2][-]{subsection.5.5.2}{\376\377\000R\000e\000s\000i\000l\000i\000e\000n\000c\000e\000\040\000F\000r\000a\000m\000e\000w\000o\000r\000k}{section.5.5}% 266
\BOOKMARK [2][-]{subsection.5.5.3}{\376\377\000B\000u\000d\000g\000e\000t\000i\000n\000g\000\040\000a\000n\000d\000\040\000C\000o\000s\000t\000\040\000G\000o\000v\000e\000r\000n\000a\000n\000c\000e}{section.5.5}% 267
\BOOKMARK [2][-]{subsection.5.5.4}{\376\377\000C\000i\000r\000c\000u\000i\000t\000\040\000B\000r\000e\000a\000k\000e\000r\000\040\000I\000m\000p\000l\000e\000m\000e\000n\000t\000a\000t\000i\000o\000n}{section.5.5}% 268
\BOOKMARK [2][-]{subsection.5.5.5}{\376\377\000P\000r\000o\000v\000i\000d\000e\000r\000\040\000F\000a\000l\000l\000b\000a\000c\000k\000\040\000S\000t\000r\000a\000t\000e\000g\000y}{section.5.5}% 269
\BOOKMARK [2][-]{subsection.5.5.6}{\376\377\000R\000e\000g\000i\000s\000t\000r\000y\000-\000B\000a\000s\000e\000d\000\040\000M\000o\000d\000e\000l\000\040\000M\000a\000n\000a\000g\000e\000m\000e\000n\000t}{section.5.5}% 270
\BOOKMARK [2][-]{subsection.5.5.7}{\376\377\000H\000e\000a\000l\000t\000h\000\040\000P\000r\000o\000b\000e\000s}{section.5.5}% 271
\BOOKMARK [0][-]{chapter.6}{\376\377\000M\000C\000P\000\040\000T\000o\000o\000l\000s\000\040\000E\000c\000o\000s\000y\000s\000t\000e\000m}{}% 272
\BOOKMARK [1][-]{section.6.1}{\376\377\000M\000C\000P\000\040\000R\000u\000n\000t\000i\000m\000e\000\040\000A\000r\000c\000h\000i\000t\000e\000c\000t\000u\000r\000e}{chapter.6}% 273
\BOOKMARK [2][-]{subsection.6.1.1}{\376\377\000A\000r\000c\000h\000i\000t\000e\000c\000t\000u\000r\000a\000l\000\040\000O\000v\000e\000r\000v\000i\000e\000w}{section.6.1}% 274
\BOOKMARK [2][-]{subsection.6.1.2}{\376\377\000T\000o\000o\000l\000\040\000R\000e\000g\000i\000s\000t\000r\000y\000\040\000a\000n\000d\000\040\000D\000i\000s\000c\000o\000v\000e\000r\000y}{section.6.1}% 275
\BOOKMARK [2][-]{subsection.6.1.3}{\376\377\000T\000o\000o\000l\000\040\000E\000x\000e\000c\000u\000t\000i\000o\000n\000\040\000C\000o\000n\000t\000e\000x\000t}{section.6.1}% 276
\BOOKMARK [2][-]{subsection.6.1.4}{\376\377\000T\000h\000e\000\040\000@\000m\000c\000p\000\137\000t\000o\000o\000l\000\040\000D\000e\000c\000o\000r\000a\000t\000o\000r}{section.6.1}% 277
\BOOKMARK [2][-]{subsection.6.1.5}{\376\377\000S\000c\000h\000e\000m\000a\000\040\000V\000a\000l\000i\000d\000a\000t\000i\000o\000n}{section.6.1}% 278
\BOOKMARK [2][-]{subsection.6.1.6}{\376\377\000A\000u\000d\000i\000t\000\040\000L\000o\000g\000g\000i\000n\000g}{section.6.1}% 279
\BOOKMARK [2][-]{subsection.6.1.7}{\376\377\000T\000e\000l\000e\000m\000e\000t\000r\000y\000\040\000a\000n\000d\000\040\000M\000e\000t\000r\000i\000c\000s}{section.6.1}% 280
\BOOKMARK [2][-]{subsection.6.1.8}{\376\377\000E\000r\000r\000o\000r\000\040\000H\000a\000n\000d\000l\000i\000n\000g}{section.6.1}% 281
\BOOKMARK [1][-]{section.6.2}{\376\377\000T\000o\000o\000l\000i\000n\000g\000\040\000U\000s\000e\000\040\000C\000a\000s\000e\000s\000\040\000a\000n\000d\000\040\000I\000n\000t\000e\000r\000a\000c\000t\000i\000o\000n\000\040\000P\000a\000t\000t\000e\000r\000n\000s}{chapter.6}% 282
\BOOKMARK [2][-]{subsection.6.2.1}{\376\377\000P\000r\000i\000m\000a\000r\000y\000\040\000U\000s\000e\000\040\000C\000a\000s\000e\000s}{section.6.2}% 283
\BOOKMARK [2][-]{subsection.6.2.2}{\376\377\000I\000n\000t\000e\000r\000a\000c\000t\000i\000o\000n\000\040\000P\000a\000t\000t\000e\000r\000n\000s}{section.6.2}% 284
\BOOKMARK [1][-]{section.6.3}{\376\377\000T\000o\000o\000l\000\040\000C\000a\000t\000e\000g\000o\000r\000i\000e\000s\000\040\000a\000n\000d\000\040\000I\000n\000v\000e\000n\000t\000o\000r\000y}{chapter.6}% 285
\BOOKMARK [2][-]{subsection.6.3.1}{\376\377\000C\000a\000t\000e\000g\000o\000r\000y\000\040\000O\000r\000g\000a\000n\000i\000z\000a\000t\000i\000o\000n}{section.6.3}% 286
\BOOKMARK [2][-]{subsection.6.3.2}{\376\377\000G\000r\000a\000p\000h\000\040\000T\000o\000o\000l\000s}{section.6.3}% 287
\BOOKMARK [2][-]{subsection.6.3.3}{\376\377\000S\000e\000c\000u\000r\000i\000t\000y\000\040\000T\000o\000o\000l\000s}{section.6.3}% 288
\BOOKMARK [2][-]{subsection.6.3.4}{\376\377\000S\000y\000s\000t\000e\000m\000\040\000T\000o\000o\000l\000s}{section.6.3}% 289
\BOOKMARK [2][-]{subsection.6.3.5}{\376\377\000M\000o\000d\000e\000l\000\040\000T\000o\000o\000l\000s}{section.6.3}% 290
\BOOKMARK [2][-]{subsection.6.3.6}{\376\377\000O\000t\000h\000e\000r\000\040\000T\000o\000o\000l\000\040\000C\000a\000t\000e\000g\000o\000r\000i\000e\000s}{section.6.3}% 291
\BOOKMARK [1][-]{section.6.4}{\376\377\000T\000o\000o\000l\000\040\000A\000u\000t\000h\000o\000r\000i\000z\000a\000t\000i\000o\000n}{chapter.6}% 292
\BOOKMARK [2][-]{subsection.6.4.1}{\376\377\000A\000u\000t\000h\000o\000r\000i\000z\000a\000t\000i\000o\000n\000\040\000M\000o\000d\000e\000l}{section.6.4}% 293
\BOOKMARK [2][-]{subsection.6.4.2}{\376\377\000P\000e\000r\000-\000T\000o\000o\000l\000\040\000R\000B\000A\000C}{section.6.4}% 294
\BOOKMARK [2][-]{subsection.6.4.3}{\376\377\000T\000e\000n\000a\000n\000t\000\040\000I\000s\000o\000l\000a\000t\000i\000o\000n}{section.6.4}% 295
\BOOKMARK [2][-]{subsection.6.4.4}{\376\377\000P\000o\000l\000i\000c\000y\000\040\000F\000i\000l\000e\000s}{section.6.4}% 296
\BOOKMARK [2][-]{subsection.6.4.5}{\376\377\000A\000u\000t\000h\000o\000r\000i\000z\000a\000t\000i\000o\000n\000\040\000D\000e\000c\000i\000s\000i\000o\000n\000\040\000F\000l\000o\000w}{section.6.4}% 297
\BOOKMARK [1][-]{section.6.5}{\376\377\000E\000x\000t\000e\000n\000d\000i\000n\000g\000\040\000t\000h\000e\000\040\000T\000o\000o\000l\000\040\000E\000c\000o\000s\000y\000s\000t\000e\000m}{chapter.6}% 298
\BOOKMARK [2][-]{subsection.6.5.1}{\376\377\000A\000d\000d\000i\000n\000g\000\040\000N\000e\000w\000\040\000T\000o\000o\000l\000s}{section.6.5}% 299
\BOOKMARK [2][-]{subsection.6.5.2}{\376\377\000E\000x\000t\000e\000n\000s\000i\000b\000i\000l\000i\000t\000y\000\040\000G\000u\000i\000d\000e\000\040\000w\000i\000t\000h\000\040\000D\000i\000f\000f\000i\000c\000u\000l\000t\000y\000\040\000R\000a\000t\000i\000n\000g\000s}{section.6.5}% 300
\BOOKMARK [2][-]{subsection.6.5.3}{\376\377\000T\000e\000s\000t\000i\000n\000g\000\040\000T\000o\000o\000l\000s}{section.6.5}% 301
\BOOKMARK [2][-]{subsection.6.5.4}{\376\377\000B\000e\000s\000t\000\040\000P\000r\000a\000c\000t\000i\000c\000e\000s}{section.6.5}% 302
\BOOKMARK [0][-]{chapter.7}{\376\377\000B\000a\000c\000k\000g\000r\000o\000u\000n\000d\000\040\000J\000o\000b\000s\000\040\000a\000n\000d\000\040\000W\000o\000r\000k\000e\000r\000s}{}% 303
\BOOKMARK [1][-]{section.7.1}{\376\377\000A\000s\000y\000n\000c\000h\000r\000o\000n\000o\000u\000s\000\040\000J\000o\000b\000\040\000S\000y\000s\000t\000e\000m}{chapter.7}% 304
\BOOKMARK [2][-]{subsection.7.1.1}{\376\377\000D\000e\000s\000i\000g\000n\000\040\000A\000l\000t\000e\000r\000n\000a\000t\000i\000v\000e\000s\000\040\000C\000o\000n\000s\000i\000d\000e\000r\000e\000d}{section.7.1}% 305
\BOOKMARK [2][-]{subsection.7.1.2}{\376\377\000D\000e\000s\000i\000g\000n\000\040\000G\000o\000a\000l\000s\000\040\000a\000n\000d\000\040\000R\000e\000q\000u\000i\000r\000e\000m\000e\000n\000t\000s}{section.7.1}% 306
\BOOKMARK [2][-]{subsection.7.1.3}{\376\377\000D\000i\000s\000t\000i\000n\000g\000u\000i\000s\000h\000i\000n\000g\000\040\000A\000g\000e\000n\000t\000\040\000R\000u\000n\000\040\000S\000t\000a\000t\000e\000s\000\040\000f\000r\000o\000m\000\040\000J\000o\000b\000\040\000S\000t\000a\000t\000e\000s}{section.7.1}% 307
\BOOKMARK [2][-]{subsection.7.1.4}{\376\377\000J\000o\000b\000\040\000L\000i\000f\000e\000c\000y\000c\000l\000e\000\040\000S\000t\000a\000t\000e\000\040\000M\000a\000c\000h\000i\000n\000e}{section.7.1}% 308
\BOOKMARK [2][-]{subsection.7.1.5}{\376\377\000J\000o\000b\000\040\000D\000o\000c\000u\000m\000e\000n\000t\000\040\000S\000t\000r\000u\000c\000t\000u\000r\000e}{section.7.1}% 309
\BOOKMARK [2][-]{subsection.7.1.6}{\376\377\000J\000o\000b\000\040\000T\000y\000p\000e\000\040\000R\000e\000g\000i\000s\000t\000r\000y}{section.7.1}% 310
\BOOKMARK [2][-]{subsection.7.1.7}{\376\377\000S\000t\000o\000r\000a\000g\000e\000\040\000A\000b\000s\000t\000r\000a\000c\000t\000i\000o\000n\000\040\000L\000a\000y\000e\000r}{section.7.1}% 311
\BOOKMARK [2][-]{subsection.7.1.8}{\376\377\000S\000t\000o\000r\000a\000g\000e\000\040\000B\000a\000c\000k\000e\000n\000d\000\040\000I\000m\000p\000l\000e\000m\000e\000n\000t\000a\000t\000i\000o\000n\000s}{section.7.1}% 312
\BOOKMARK [2][-]{subsection.7.1.9}{\376\377\000I\000d\000e\000m\000p\000o\000t\000e\000n\000c\000y\000\040\000M\000e\000c\000h\000a\000n\000i\000s\000m}{section.7.1}% 313
\BOOKMARK [1][-]{section.7.2}{\376\377\000W\000o\000r\000k\000e\000r\000\040\000A\000r\000c\000h\000i\000t\000e\000c\000t\000u\000r\000e}{chapter.7}% 314
\BOOKMARK [2][-]{subsection.7.2.1}{\376\377\000P\000r\000o\000c\000e\000s\000s\000\040\000S\000e\000p\000a\000r\000a\000t\000i\000o\000n\000\040\000M\000o\000d\000e\000l}{section.7.2}% 315
\BOOKMARK [2][-]{subsection.7.2.2}{\376\377\000Q\000u\000e\000u\000e\000\040\000P\000o\000l\000l\000i\000n\000g\000\040\000M\000e\000c\000h\000a\000n\000i\000s\000m}{section.7.2}% 316
\BOOKMARK [2][-]{subsection.7.2.3}{\376\377\000J\000o\000b\000\040\000E\000x\000e\000c\000u\000t\000i\000o\000n\000\040\000F\000l\000o\000w}{section.7.2}% 317
\BOOKMARK [2][-]{subsection.7.2.4}{\376\377\000H\000e\000a\000r\000t\000b\000e\000a\000t\000\040\000M\000e\000c\000h\000a\000n\000i\000s\000m}{section.7.2}% 318
\BOOKMARK [2][-]{subsection.7.2.5}{\376\377\000J\000o\000b\000\040\000T\000y\000p\000e\000\040\000D\000i\000s\000p\000a\000t\000c\000h\000i\000n\000g}{section.7.2}% 319
\BOOKMARK [2][-]{subsection.7.2.6}{\376\377\000G\000r\000a\000c\000e\000f\000u\000l\000\040\000S\000h\000u\000t\000d\000o\000w\000n}{section.7.2}% 320
\BOOKMARK [1][-]{section.7.3}{\376\377\000J\000o\000b\000\040\000E\000v\000e\000n\000t\000s\000\040\000a\000n\000d\000\040\000S\000S\000E\000\040\000S\000t\000r\000e\000a\000m\000i\000n\000g}{chapter.7}% 321
\BOOKMARK [2][-]{subsection.7.3.1}{\376\377\000S\000S\000E\000\040\000E\000v\000e\000n\000t\000\040\000M\000o\000d\000e\000l}{section.7.3}% 322
\BOOKMARK [2][-]{subsection.7.3.2}{\376\377\000R\000i\000n\000g\000\040\000B\000u\000f\000f\000e\000r\000\040\000A\000r\000c\000h\000i\000t\000e\000c\000t\000u\000r\000e}{section.7.3}% 323
\BOOKMARK [2][-]{subsection.7.3.3}{\376\377\000M\000o\000n\000o\000t\000o\000n\000i\000c\000\040\000E\000v\000e\000n\000t\000\040\000I\000D\000s}{section.7.3}% 324
\BOOKMARK [2][-]{subsection.7.3.4}{\376\377\000E\000v\000e\000n\000t\000\040\000R\000e\000p\000l\000a\000y\000\040\000f\000o\000r\000\040\000R\000e\000c\000o\000n\000n\000e\000c\000t\000i\000o\000n}{section.7.3}% 325
\BOOKMARK [2][-]{subsection.7.3.5}{\376\377\000S\000S\000E\000\040\000E\000n\000d\000p\000o\000i\000n\000t\000\040\000I\000m\000p\000l\000e\000m\000e\000n\000t\000a\000t\000i\000o\000n}{section.7.3}% 326
\BOOKMARK [1][-]{section.7.4}{\376\377\000J\000o\000b\000\040\000C\000a\000n\000c\000e\000l\000l\000a\000t\000i\000o\000n}{chapter.7}% 327
\BOOKMARK [2][-]{subsection.7.4.1}{\376\377\000C\000a\000n\000c\000e\000l\000l\000a\000t\000i\000o\000n\000\040\000M\000o\000d\000e\000l}{section.7.4}% 328
\BOOKMARK [2][-]{subsection.7.4.2}{\376\377\000C\000a\000n\000c\000e\000l\000\040\000F\000l\000a\000g\000\040\000M\000e\000c\000h\000a\000n\000i\000s\000m}{section.7.4}% 329
\BOOKMARK [2][-]{subsection.7.4.3}{\376\377\000C\000a\000n\000c\000e\000l\000l\000a\000t\000i\000o\000n\000\040\000F\000l\000o\000w}{section.7.4}% 330
\BOOKMARK [2][-]{subsection.7.4.4}{\376\377\000A\000t\000o\000m\000i\000c\000\040\000C\000a\000n\000c\000e\000l\000l\000a\000t\000i\000o\000n\000\040\000w\000i\000t\000h\000\040\000L\000u\000a\000\040\000S\000c\000r\000i\000p\000t\000s}{section.7.4}% 331
\BOOKMARK [1][-]{section.7.5}{\376\377\000H\000i\000g\000h\000\040\000A\000v\000a\000i\000l\000a\000b\000i\000l\000i\000t\000y\000\040\000a\000n\000d\000\040\000F\000a\000u\000l\000t\000-\000T\000o\000l\000e\000r\000a\000n\000c\000e\000\040\000P\000a\000t\000t\000e\000r\000n\000s}{chapter.7}% 332
\BOOKMARK [2][-]{subsection.7.5.1}{\376\377\000W\000o\000r\000k\000e\000r\000\040\000H\000e\000a\000r\000t\000b\000e\000a\000t\000\040\000a\000n\000d\000\040\000D\000e\000a\000d\000-\000W\000o\000r\000k\000e\000r\000\040\000D\000e\000t\000e\000c\000t\000i\000o\000n}{section.7.5}% 333
\BOOKMARK [2][-]{subsection.7.5.2}{\376\377\000O\000r\000p\000h\000a\000n\000e\000d\000\040\000J\000o\000b\000\040\000R\000e\000c\000o\000v\000e\000r\000y}{section.7.5}% 334
\BOOKMARK [2][-]{subsection.7.5.3}{\376\377\000G\000r\000a\000c\000e\000f\000u\000l\000\040\000D\000e\000g\000r\000a\000d\000a\000t\000i\000o\000n}{section.7.5}% 335
\BOOKMARK [2][-]{subsection.7.5.4}{\376\377\000H\000e\000a\000l\000t\000h\000\040\000P\000r\000o\000b\000e\000\040\000I\000n\000t\000e\000g\000r\000a\000t\000i\000o\000n}{section.7.5}% 336
\BOOKMARK [2][-]{subsection.7.5.5}{\376\377\000K\000n\000o\000w\000n\000\040\000L\000i\000m\000i\000t\000a\000t\000i\000o\000n\000s}{section.7.5}% 337
\BOOKMARK [1][-]{section.7.6}{\376\377\000B\000a\000c\000k\000g\000r\000o\000u\000n\000d\000\040\000F\000r\000a\000m\000e\000w\000o\000r\000k}{chapter.7}% 338
\BOOKMARK [2][-]{subsection.7.6.1}{\376\377\000F\000r\000a\000m\000e\000w\000o\000r\000k\000\040\000O\000v\000e\000r\000v\000i\000e\000w}{section.7.6}% 339
\BOOKMARK [2][-]{subsection.7.6.2}{\376\377\000B\000a\000c\000k\000g\000r\000o\000u\000n\000d\000M\000a\000n\000a\000g\000e\000r\000\040\000C\000l\000a\000s\000s}{section.7.6}% 340
\BOOKMARK [2][-]{subsection.7.6.3}{\376\377\000S\000c\000h\000e\000d\000u\000l\000e\000d\000\040\000T\000a\000s\000k\000\040\000C\000a\000t\000e\000g\000o\000r\000i\000e\000s}{section.7.6}% 341
\BOOKMARK [2][-]{subsection.7.6.4}{\376\377\000F\000a\000s\000t\000A\000P\000I\000\040\000L\000i\000f\000e\000s\000p\000a\000n\000\040\000I\000n\000t\000e\000g\000r\000a\000t\000i\000o\000n}{section.7.6}% 342
\BOOKMARK [2][-]{subsection.7.6.5}{\376\377\000M\000e\000t\000r\000i\000c\000s\000\040\000E\000m\000i\000s\000s\000i\000o\000n}{section.7.6}% 343
\BOOKMARK [0][-]{chapter.8}{\376\377\000S\000e\000c\000u\000r\000i\000t\000y\000\040\000F\000r\000a\000m\000e\000w\000o\000r\000k}{}% 344
\BOOKMARK [1][-]{section.8.1}{\376\377\000A\000u\000t\000h\000e\000n\000t\000i\000c\000a\000t\000i\000o\000n}{chapter.8}% 345
\BOOKMARK [2][-]{subsection.8.1.1}{\376\377\000O\000I\000D\000C\000/\000J\000W\000T\000-\000B\000a\000s\000e\000d\000\040\000A\000u\000t\000h\000e\000n\000t\000i\000c\000a\000t\000i\000o\000n}{section.8.1}% 346
\BOOKMARK [2][-]{subsection.8.1.2}{\376\377\000A\000u\000t\000h\000e\000n\000t\000i\000c\000a\000t\000i\000o\000n\000\040\000F\000l\000o\000w\000\040\000D\000e\000t\000a\000i\000l\000s}{section.8.1}% 347
\BOOKMARK [1][-]{section.8.2}{\376\377\000A\000u\000t\000h\000o\000r\000i\000z\000a\000t\000i\000o\000n}{chapter.8}% 348
\BOOKMARK [2][-]{subsection.8.2.1}{\376\377\000R\000B\000A\000C\000\040\000M\000o\000d\000e\000l}{section.8.2}% 349
\BOOKMARK [2][-]{subsection.8.2.2}{\376\377\000R\000B\000A\000C\000\040\000I\000m\000p\000l\000e\000m\000e\000n\000t\000a\000t\000i\000o\000n\000\040\000D\000e\000t\000a\000i\000l\000s}{section.8.2}% 350
\BOOKMARK [1][-]{section.8.3}{\376\377\000M\000u\000l\000t\000i\000-\000T\000e\000n\000a\000n\000c\000y}{chapter.8}% 351
\BOOKMARK [2][-]{subsection.8.3.1}{\376\377\000T\000e\000n\000a\000n\000t\000\040\000I\000s\000o\000l\000a\000t\000i\000o\000n\000\040\000M\000o\000d\000e\000l}{section.8.3}% 352
\BOOKMARK [2][-]{subsection.8.3.2}{\376\377\000D\000a\000t\000a\000b\000a\000s\000e\000-\000L\000e\000v\000e\000l\000\040\000I\000s\000o\000l\000a\000t\000i\000o\000n}{section.8.3}% 353
\BOOKMARK [1][-]{section.8.4}{\376\377\000R\000a\000t\000e\000\040\000L\000i\000m\000i\000t\000i\000n\000g}{chapter.8}% 354
\BOOKMARK [2][-]{subsection.8.4.1}{\376\377\000B\000a\000c\000k\000e\000n\000d\000\040\000A\000r\000c\000h\000i\000t\000e\000c\000t\000u\000r\000e}{section.8.4}% 355
\BOOKMARK [1][-]{section.8.5}{\376\377\000D\000a\000t\000a\000\040\000P\000r\000o\000t\000e\000c\000t\000i\000o\000n}{chapter.8}% 356
\BOOKMARK [2][-]{subsection.8.5.1}{\376\377\000P\000I\000I\000\040\000S\000c\000r\000u\000b\000b\000i\000n\000g}{section.8.5}% 357
\BOOKMARK [2][-]{subsection.8.5.2}{\376\377\000O\000u\000t\000p\000u\000t\000\040\000G\000u\000a\000r\000d}{section.8.5}% 358
\BOOKMARK [2][-]{subsection.8.5.3}{\376\377\000I\000n\000t\000e\000n\000t\000\040\000F\000i\000l\000t\000e\000r}{section.8.5}% 359
\BOOKMARK [1][-]{section.8.6}{\376\377\000T\000h\000r\000e\000a\000t\000\040\000M\000o\000d\000e\000l\000\040\000a\000n\000d\000\040\000A\000t\000t\000a\000c\000k\000\040\000S\000c\000e\000n\000a\000r\000i\000o\000s}{chapter.8}% 360
\BOOKMARK [2][-]{subsection.8.6.1}{\376\377\000T\000h\000r\000e\000a\000t\000\040\000C\000a\000t\000e\000g\000o\000r\000i\000e\000s}{section.8.6}% 361
\BOOKMARK [1][-]{section.8.7}{\376\377\000A\000u\000d\000i\000t\000\040\000L\000o\000g\000g\000i\000n\000g}{chapter.8}% 362
\BOOKMARK [2][-]{subsection.8.7.1}{\376\377\000A\000u\000d\000i\000t\000\040\000E\000v\000e\000n\000t\000\040\000M\000o\000d\000e\000l}{section.8.7}% 363
\BOOKMARK [2][-]{subsection.8.7.2}{\376\377\000O\000u\000t\000p\000u\000t\000\040\000C\000h\000a\000n\000n\000e\000l\000s}{section.8.7}% 364
\BOOKMARK [1][-]{section.8.8}{\376\377\000S\000e\000c\000u\000r\000i\000t\000y\000\040\000S\000t\000r\000e\000n\000g\000t\000h\000s\000\040\000a\000n\000d\000\040\000W\000e\000a\000k\000n\000e\000s\000s\000e\000s}{chapter.8}% 365
\BOOKMARK [2][-]{subsection.8.8.1}{\376\377\000S\000t\000r\000e\000n\000g\000t\000h\000s}{section.8.8}% 366
\BOOKMARK [2][-]{subsection.8.8.2}{\376\377\000W\000e\000a\000k\000n\000e\000s\000s\000e\000s\000\040\000a\000n\000d\000\040\000L\000i\000m\000i\000t\000a\000t\000i\000o\000n\000s}{section.8.8}% 367
\BOOKMARK [2][-]{subsection.8.8.3}{\376\377\000E\000t\000h\000i\000c\000s\000\040\000a\000n\000d\000\040\000P\000r\000i\000v\000a\000c\000y\000\040\000C\000o\000n\000s\000i\000d\000e\000r\000a\000t\000i\000o\000n\000s}{section.8.8}% 368
\BOOKMARK [2][-]{subsection.8.8.4}{\376\377\000R\000e\000c\000o\000m\000m\000e\000n\000d\000a\000t\000i\000o\000n\000s\000\040\000f\000o\000r\000\040\000P\000r\000o\000d\000u\000c\000t\000i\000o\000n\000\040\000D\000e\000p\000l\000o\000y\000m\000e\000n\000t}{section.8.8}% 369
\BOOKMARK [0][-]{chapter.9}{\376\377\000O\000b\000s\000e\000r\000v\000a\000b\000i\000l\000i\000t\000y}{}% 370
\BOOKMARK [1][-]{section.9.1}{\376\377\000M\000e\000t\000r\000i\000c\000s}{chapter.9}% 371
\BOOKMARK [2][-]{subsection.9.1.1}{\376\377\000M\000e\000t\000r\000i\000c\000s\000\040\000A\000r\000c\000h\000i\000t\000e\000c\000t\000u\000r\000e\000\040\000O\000v\000e\000r\000v\000i\000e\000w}{section.9.1}% 372
\BOOKMARK [2][-]{subsection.9.1.2}{\376\377\000C\000o\000m\000p\000r\000e\000h\000e\000n\000s\000i\000v\000e\000\040\000M\000e\000t\000r\000i\000c\000s\000\040\000C\000a\000t\000a\000l\000o\000g}{section.9.1}% 373
\BOOKMARK [1][-]{section.9.2}{\376\377\000L\000o\000g\000g\000i\000n\000g}{chapter.9}% 374
\BOOKMARK [2][-]{subsection.9.2.1}{\376\377\000L\000o\000g\000g\000i\000n\000g\000\040\000A\000r\000c\000h\000i\000t\000e\000c\000t\000u\000r\000e\000\040\000O\000v\000e\000r\000v\000i\000e\000w}{section.9.2}% 375
\BOOKMARK [2][-]{subsection.9.2.2}{\376\377\000S\000t\000r\000u\000c\000t\000u\000r\000e\000d\000\040\000L\000o\000g\000\040\000S\000c\000h\000e\000m\000a}{section.9.2}% 376
\BOOKMARK [2][-]{subsection.9.2.3}{\376\377\000R\000e\000q\000u\000e\000s\000t\000\040\000C\000o\000n\000t\000e\000x\000t\000\040\000C\000o\000r\000r\000e\000l\000a\000t\000i\000o\000n}{section.9.2}% 377
\BOOKMARK [2][-]{subsection.9.2.4}{\376\377\000H\000i\000g\000h\000-\000F\000r\000e\000q\000u\000e\000n\000c\000y\000\040\000L\000o\000g\000\040\000F\000i\000l\000t\000e\000r\000i\000n\000g}{section.9.2}% 378
\BOOKMARK [1][-]{section.9.3}{\376\377\000T\000r\000a\000c\000i\000n\000g}{chapter.9}% 379
\BOOKMARK [2][-]{subsection.9.3.1}{\376\377\000O\000p\000e\000n\000T\000e\000l\000e\000m\000e\000t\000r\000y\000\040\000I\000n\000t\000e\000g\000r\000a\000t\000i\000o\000n\000\040\000A\000r\000c\000h\000i\000t\000e\000c\000t\000u\000r\000e}{section.9.3}% 380
\BOOKMARK [2][-]{subsection.9.3.2}{\376\377\000S\000a\000m\000p\000l\000i\000n\000g\000\040\000S\000t\000r\000a\000t\000e\000g\000i\000e\000s}{section.9.3}% 381
\BOOKMARK [2][-]{subsection.9.3.3}{\376\377\000O\000T\000L\000P\000\040\000E\000x\000p\000o\000r\000t\000e\000r\000s}{section.9.3}% 382
\BOOKMARK [2][-]{subsection.9.3.4}{\376\377\000A\000u\000t\000o\000m\000a\000t\000i\000c\000\040\000I\000n\000s\000t\000r\000u\000m\000e\000n\000t\000a\000t\000i\000o\000n}{section.9.3}% 383
\BOOKMARK [1][-]{section.9.4}{\376\377\000H\000e\000a\000l\000t\000h\000\040\000P\000r\000o\000b\000e\000s}{chapter.9}% 384
\BOOKMARK [2][-]{subsection.9.4.1}{\376\377\000H\000e\000a\000l\000t\000h\000\040\000P\000r\000o\000b\000e\000\040\000A\000r\000c\000h\000i\000t\000e\000c\000t\000u\000r\000e}{section.9.4}% 385
\BOOKMARK [2][-]{subsection.9.4.2}{\376\377\000P\000r\000o\000b\000e\000\040\000T\000y\000p\000e\000s\000\040\000a\000n\000d\000\040\000E\000n\000d\000p\000o\000i\000n\000t\000s}{section.9.4}% 386
\BOOKMARK [2][-]{subsection.9.4.3}{\376\377\000P\000r\000o\000b\000e\000\040\000I\000m\000p\000l\000e\000m\000e\000n\000t\000a\000t\000i\000o\000n\000\040\000D\000e\000t\000a\000i\000l\000s}{section.9.4}% 387
\BOOKMARK [2][-]{subsection.9.4.4}{\376\377\000R\000e\000a\000d\000i\000n\000e\000s\000s\000\040\000P\000o\000l\000i\000c\000y\000\040\000E\000v\000a\000l\000u\000a\000t\000i\000o\000n}{section.9.4}% 388
\BOOKMARK [1][-]{section.9.5}{\376\377\000D\000a\000s\000h\000b\000o\000a\000r\000d\000s\000,\000\040\000S\000L\000O\000s\000,\000\040\000a\000n\000d\000\040\000A\000l\000e\000r\000t\000i\000n\000g}{chapter.9}% 389
\BOOKMARK [2][-]{subsection.9.5.1}{\376\377\000G\000r\000a\000f\000a\000n\000a\000\040\000D\000a\000s\000h\000b\000o\000a\000r\000d\000\040\000A\000r\000c\000h\000i\000t\000e\000c\000t\000u\000r\000e}{section.9.5}% 390
\BOOKMARK [2][-]{subsection.9.5.2}{\376\377\000S\000e\000r\000v\000i\000c\000e\000\040\000L\000e\000v\000e\000l\000\040\000O\000b\000j\000e\000c\000t\000i\000v\000e\000s\000\040\000\050\000S\000L\000O\000s\000\051}{section.9.5}% 391
\BOOKMARK [2][-]{subsection.9.5.3}{\376\377\000A\000l\000e\000r\000t\000i\000n\000g\000\040\000R\000u\000l\000e\000s}{section.9.5}% 392
\BOOKMARK [1][-]{section.9.6}{\376\377\000O\000p\000e\000r\000a\000t\000i\000o\000n\000a\000l\000\040\000P\000l\000a\000y\000b\000o\000o\000k\000s\000\040\000a\000n\000d\000\040\000R\000u\000n\000b\000o\000o\000k\000s}{chapter.9}% 393
\BOOKMARK [2][-]{subsection.9.6.1}{\376\377\000R\000u\000n\000b\000o\000o\000k\000\040\000S\000t\000r\000u\000c\000t\000u\000r\000e}{section.9.6}% 394
\BOOKMARK [2][-]{subsection.9.6.2}{\376\377\000D\000a\000t\000a\000b\000a\000s\000e\000\040\000U\000n\000a\000v\000a\000i\000l\000a\000b\000i\000l\000i\000t\000y}{section.9.6}% 395
\BOOKMARK [2][-]{subsection.9.6.3}{\376\377\000L\000L\000M\000\040\000P\000r\000o\000v\000i\000d\000e\000r\000\040\000O\000u\000t\000a\000g\000e\000s}{section.9.6}% 396
\BOOKMARK [2][-]{subsection.9.6.4}{\376\377\000J\000o\000b\000\040\000Q\000u\000e\000u\000e\000\040\000B\000a\000c\000k\000l\000o\000g}{section.9.6}% 397
\BOOKMARK [2][-]{subsection.9.6.5}{\376\377\000H\000i\000g\000h\000\040\000E\000r\000r\000o\000r\000\040\000R\000a\000t\000e\000s\000\040\000a\000n\000d\000\040\000L\000a\000t\000e\000n\000c\000y}{section.9.6}% 398
\BOOKMARK [2][-]{subsection.9.6.6}{\376\377\000B\000a\000c\000k\000u\000p\000\040\000a\000n\000d\000\040\000R\000e\000s\000t\000o\000r\000e\000\040\000P\000r\000o\000c\000e\000d\000u\000r\000e\000s}{section.9.6}% 399
\BOOKMARK [2][-]{subsection.9.6.7}{\376\377\000U\000s\000i\000n\000g\000\040\000M\000e\000t\000r\000i\000c\000s\000,\000\040\000L\000o\000g\000s\000,\000\040\000a\000n\000d\000\040\000T\000r\000a\000c\000e\000s\000\040\000f\000o\000r\000\040\000T\000r\000i\000a\000g\000e}{section.9.6}% 400
\BOOKMARK [0][-]{chapter.10}{\376\377\000I\000m\000p\000l\000e\000m\000e\000n\000t\000a\000t\000i\000o\000n\000\040\000a\000n\000d\000\040\000E\000n\000g\000i\000n\000e\000e\000r\000i\000n\000g\000\040\000P\000r\000a\000c\000t\000i\000c\000e\000s}{}% 401
\BOOKMARK [1][-]{section.10.1}{\376\377\000T\000e\000c\000h\000n\000o\000l\000o\000g\000y\000\040\000S\000t\000a\000c\000k}{chapter.10}% 402
\BOOKMARK [2][-]{subsection.10.1.1}{\376\377\000B\000a\000c\000k\000e\000n\000d\000\040\000C\000o\000r\000e\000\040\000T\000e\000c\000h\000n\000o\000l\000o\000g\000i\000e\000s}{section.10.1}% 403
\BOOKMARK [2][-]{subsection.10.1.2}{\376\377\000D\000a\000t\000a\000\040\000P\000e\000r\000s\000i\000s\000t\000e\000n\000c\000e\000\040\000L\000a\000y\000e\000r}{section.10.1}% 404
\BOOKMARK [2][-]{subsection.10.1.3}{\376\377\000S\000e\000c\000u\000r\000i\000t\000y\000\040\000a\000n\000d\000\040\000A\000u\000t\000h\000e\000n\000t\000i\000c\000a\000t\000i\000o\000n}{section.10.1}% 405
\BOOKMARK [2][-]{subsection.10.1.4}{\376\377\000O\000b\000s\000e\000r\000v\000a\000b\000i\000l\000i\000t\000y\000\040\000S\000t\000a\000c\000k}{section.10.1}% 406
\BOOKMARK [2][-]{subsection.10.1.5}{\376\377\000L\000L\000M\000\040\000P\000r\000o\000v\000i\000d\000e\000r\000\040\000I\000n\000t\000e\000g\000r\000a\000t\000i\000o\000n}{section.10.1}% 407
\BOOKMARK [2][-]{subsection.10.1.6}{\376\377\000P\000r\000e\000s\000e\000n\000t\000a\000t\000i\000o\000n\000\040\000L\000a\000y\000e\000r\000\040\000T\000e\000c\000h\000n\000o\000l\000o\000g\000i\000e\000s}{section.10.1}% 408
\BOOKMARK [2][-]{subsection.10.1.7}{\376\377\000D\000e\000v\000e\000l\000o\000p\000m\000e\000n\000t\000\040\000a\000n\000d\000\040\000Q\000u\000a\000l\000i\000t\000y\000\040\000T\000o\000o\000l\000s}{section.10.1}% 409
\BOOKMARK [1][-]{section.10.2}{\376\377\000C\000o\000d\000e\000b\000a\000s\000e\000\040\000S\000t\000r\000u\000c\000t\000u\000r\000e}{chapter.10}% 410
\BOOKMARK [2][-]{subsection.10.2.1}{\376\377\000P\000r\000o\000j\000e\000c\000t\000\040\000R\000o\000o\000t\000\040\000O\000r\000g\000a\000n\000i\000z\000a\000t\000i\000o\000n}{section.10.2}% 411
\BOOKMARK [2][-]{subsection.10.2.2}{\376\377\000S\000o\000u\000r\000c\000e\000\040\000C\000o\000d\000e\000\040\000O\000r\000g\000a\000n\000i\000z\000a\000t\000i\000o\000n}{section.10.2}% 412
\BOOKMARK [2][-]{subsection.10.2.3}{\376\377\000K\000e\000y\000\040\000E\000n\000t\000r\000y\000\040\000P\000o\000i\000n\000t\000s}{section.10.2}% 413
\BOOKMARK [2][-]{subsection.10.2.4}{\376\377\000D\000a\000t\000a\000b\000a\000s\000e\000\040\000L\000a\000y\000e\000r}{section.10.2}% 414
\BOOKMARK [1][-]{section.10.3}{\376\377\000C\000o\000d\000i\000n\000g\000\040\000S\000t\000a\000n\000d\000a\000r\000d\000s\000\040\000a\000n\000d\000\040\000C\000o\000n\000v\000e\000n\000t\000i\000o\000n\000s}{chapter.10}% 415
\BOOKMARK [2][-]{subsection.10.3.1}{\376\377\000C\000o\000d\000e\000\040\000F\000o\000r\000m\000a\000t\000t\000i\000n\000g\000\040\000a\000n\000d\000\040\000S\000t\000y\000l\000e}{section.10.3}% 416
\BOOKMARK [2][-]{subsection.10.3.2}{\376\377\000N\000a\000m\000i\000n\000g\000\040\000C\000o\000n\000v\000e\000n\000t\000i\000o\000n\000s}{section.10.3}% 417
\BOOKMARK [2][-]{subsection.10.3.3}{\376\377\000E\000r\000r\000o\000r\000\040\000H\000a\000n\000d\000l\000i\000n\000g\000\040\000P\000a\000t\000t\000e\000r\000n\000s}{section.10.3}% 418
\BOOKMARK [2][-]{subsection.10.3.4}{\376\377\000L\000o\000g\000g\000i\000n\000g\000\040\000C\000o\000n\000v\000e\000n\000t\000i\000o\000n\000s}{section.10.3}% 419
\BOOKMARK [2][-]{subsection.10.3.5}{\376\377\000T\000y\000p\000e\000\040\000A\000n\000n\000o\000t\000a\000t\000i\000o\000n\000s\000\040\000a\000n\000d\000\040\000M\000y\000p\000y}{section.10.3}% 420
\BOOKMARK [1][-]{section.10.4}{\376\377\000T\000e\000s\000t\000i\000n\000g\000\040\000S\000t\000r\000a\000t\000e\000g\000y}{chapter.10}% 421
\BOOKMARK [2][-]{subsection.10.4.1}{\376\377\000T\000e\000s\000t\000i\000n\000g\000\040\000C\000a\000t\000e\000g\000o\000r\000i\000e\000s\000\040\000a\000n\000d\000\040\000M\000a\000r\000k\000e\000r\000s}{section.10.4}% 422
\BOOKMARK [2][-]{subsection.10.4.2}{\376\377\000T\000e\000s\000t\000i\000n\000g\000\040\000I\000n\000f\000r\000a\000s\000t\000r\000u\000c\000t\000u\000r\000e\000\040\000D\000e\000t\000a\000i\000l\000s}{section.10.4}% 423
\BOOKMARK [2][-]{subsection.10.4.3}{\376\377\000M\000e\000m\000g\000r\000a\000p\000h\000\040\000N\000L\000\040\000T\000e\000s\000t\000\040\000M\000o\000d\000e}{section.10.4}% 424
\BOOKMARK [2][-]{subsection.10.4.4}{\376\377\000C\000o\000n\000t\000i\000n\000u\000o\000u\000s\000\040\000I\000n\000t\000e\000g\000r\000a\000t\000i\000o\000n\000\040\000a\000n\000d\000\040\000Q\000u\000a\000l\000i\000t\000y\000\040\000G\000a\000t\000e\000s}{section.10.4}% 425
\BOOKMARK [1][-]{section.10.5}{\376\377\000P\000l\000a\000t\000f\000o\000r\000m\000\040\000E\000n\000g\000i\000n\000e\000e\000r\000i\000n\000g\000\040\000U\000t\000i\000l\000i\000t\000i\000e\000s}{chapter.10}% 426
\BOOKMARK [2][-]{subsection.10.5.1}{\376\377\000P\000a\000g\000i\000n\000a\000t\000i\000o\000n\000\040\000a\000n\000d\000\040\000E\000T\000a\000g\000s}{section.10.5}% 427
\BOOKMARK [2][-]{subsection.10.5.2}{\376\377\000I\000d\000e\000m\000p\000o\000t\000e\000n\000c\000y}{section.10.5}% 428
\BOOKMARK [2][-]{subsection.10.5.3}{\376\377\000J\000S\000O\000N\000\040\000U\000t\000i\000l\000i\000t\000i\000e\000s}{section.10.5}% 429
\BOOKMARK [2][-]{subsection.10.5.4}{\376\377\000P\000r\000o\000v\000i\000d\000e\000r\000\040\000R\000e\000s\000o\000l\000u\000t\000i\000o\000n}{section.10.5}% 430
\BOOKMARK [2][-]{subsection.10.5.5}{\376\377\000D\000e\000p\000r\000e\000c\000a\000t\000i\000o\000n\000\040\000F\000r\000a\000m\000e\000w\000o\000r\000k}{section.10.5}% 431
\BOOKMARK [0][-]{chapter.11}{\376\377\000C\000o\000n\000f\000i\000g\000u\000r\000a\000t\000i\000o\000n\000\040\000a\000n\000d\000\040\000D\000e\000p\000l\000o\000y\000m\000e\000n\000t}{}% 432
\BOOKMARK [1][-]{section.11.1}{\376\377\000C\000o\000n\000f\000i\000g\000u\000r\000a\000t\000i\000o\000n\000\040\000S\000y\000s\000t\000e\000m}{chapter.11}% 433
\BOOKMARK [2][-]{subsection.11.1.1}{\376\377\000C\000o\000n\000f\000i\000g\000u\000r\000a\000t\000i\000o\000n\000\040\000A\000r\000c\000h\000i\000t\000e\000c\000t\000u\000r\000e}{section.11.1}% 434
\BOOKMARK [2][-]{subsection.11.1.2}{\376\377\000C\000o\000n\000f\000i\000g\000u\000r\000a\000t\000i\000o\000n\000\040\000C\000a\000t\000e\000g\000o\000r\000i\000e\000s}{section.11.1}% 435
\BOOKMARK [2][-]{subsection.11.1.3}{\376\377\000C\000o\000m\000p\000u\000t\000e\000\040\000C\000o\000n\000f\000i\000g\000u\000r\000a\000t\000i\000o\000n}{section.11.1}% 436
\BOOKMARK [1][-]{section.11.2}{\376\377\000E\000n\000v\000i\000r\000o\000n\000m\000e\000n\000t\000\040\000P\000r\000o\000f\000i\000l\000e\000s\000\040\000\050\000D\000e\000v\000e\000l\000o\000p\000m\000e\000n\000t\000,\000\040\000T\000e\000s\000t\000i\000n\000g\000,\000\040\000P\000r\000o\000d\000u\000c\000t\000i\000o\000n\000\051}{chapter.11}% 437
\BOOKMARK [2][-]{subsection.11.2.1}{\376\377\000E\000n\000v\000i\000r\000o\000n\000m\000e\000n\000t\000\040\000C\000o\000m\000p\000a\000r\000i\000s\000o\000n}{section.11.2}% 438
\BOOKMARK [1][-]{section.11.3}{\376\377\000D\000o\000c\000k\000e\000r\000\040\000D\000e\000p\000l\000o\000y\000m\000e\000n\000t}{chapter.11}% 439
\BOOKMARK [2][-]{subsection.11.3.1}{\376\377\000D\000o\000c\000k\000e\000r\000\040\000C\000o\000m\000p\000o\000s\000e\000\040\000A\000r\000c\000h\000i\000t\000e\000c\000t\000u\000r\000e}{section.11.3}% 440
\BOOKMARK [1][-]{section.11.4}{\376\377\000D\000e\000p\000l\000o\000y\000m\000e\000n\000t\000\040\000T\000o\000p\000o\000l\000o\000g\000i\000e\000s\000\040\000a\000n\000d\000\040\000S\000c\000a\000l\000i\000n\000g\000\040\000S\000t\000r\000a\000t\000e\000g\000i\000e\000s}{chapter.11}% 441
\BOOKMARK [2][-]{subsection.11.4.1}{\376\377\000S\000c\000a\000l\000i\000n\000g\000\040\000P\000a\000t\000t\000e\000r\000n\000s}{section.11.4}% 442
\BOOKMARK [1][-]{section.11.5}{\376\377\000P\000r\000o\000d\000u\000c\000t\000i\000o\000n\000\040\000C\000o\000n\000s\000i\000d\000e\000r\000a\000t\000i\000o\000n\000s}{chapter.11}% 443
\BOOKMARK [2][-]{subsection.11.5.1}{\376\377\000S\000e\000c\000u\000r\000i\000t\000y\000\040\000H\000e\000a\000d\000e\000r\000s}{section.11.5}% 444
\BOOKMARK [2][-]{subsection.11.5.2}{\376\377\000T\000L\000S\000\040\000T\000e\000r\000m\000i\000n\000a\000t\000i\000o\000n}{section.11.5}% 445
\BOOKMARK [2][-]{subsection.11.5.3}{\376\377\000G\000P\000U\000\040\000S\000u\000p\000p\000o\000r\000t}{section.11.5}% 446
\BOOKMARK [1][-]{section.11.6}{\376\377\000P\000r\000o\000d\000u\000c\000t\000i\000o\000n\000\040\000C\000h\000e\000c\000k\000l\000i\000s\000t}{chapter.11}% 447
\BOOKMARK [1][-]{section.11.7}{\376\377\000O\000p\000e\000r\000a\000t\000i\000o\000n\000a\000l\000\040\000S\000c\000r\000i\000p\000t\000s}{chapter.11}% 448
\BOOKMARK [2][-]{subsection.11.7.1}{\376\377\000M\000a\000k\000e\000f\000i\000l\000e\000\040\000T\000a\000r\000g\000e\000t\000s}{section.11.7}% 449
\BOOKMARK [2][-]{subsection.11.7.2}{\376\377\000D\000e\000p\000l\000o\000y\000m\000e\000n\000t\000\040\000S\000c\000r\000i\000p\000t\000s}{section.11.7}% 450
\BOOKMARK [1][-]{section.11.8}{\376\377\000T\000r\000o\000u\000b\000l\000e\000s\000h\000o\000o\000t\000i\000n\000g}{chapter.11}% 451
\BOOKMARK [2][-]{subsection.11.8.1}{\376\377\000C\000o\000m\000m\000o\000n\000\040\000I\000s\000s\000u\000e\000s}{section.11.8}% 452
\BOOKMARK [2][-]{subsection.11.8.2}{\376\377\000H\000e\000a\000l\000t\000h\000\040\000E\000n\000d\000p\000o\000i\000n\000t\000s}{section.11.8}% 453
\BOOKMARK [0][-]{chapter.12}{\376\377\000E\000v\000a\000l\000u\000a\000t\000i\000o\000n}{}% 454
\BOOKMARK [1][-]{section.12.1}{\376\377\000E\000v\000a\000l\000u\000a\000t\000i\000o\000n\000\040\000M\000e\000t\000h\000o\000d\000o\000l\000o\000g\000y\000\040\000a\000n\000d\000\040\000S\000e\000t\000u\000p}{chapter.12}% 455
\BOOKMARK [2][-]{subsection.12.1.1}{\376\377\000E\000v\000a\000l\000u\000a\000t\000i\000o\000n\000\040\000O\000b\000j\000e\000c\000t\000i\000v\000e\000s}{section.12.1}% 456
\BOOKMARK [2][-]{subsection.12.1.2}{\376\377\000E\000v\000a\000l\000u\000a\000t\000i\000o\000n\000\040\000H\000y\000p\000o\000t\000h\000e\000s\000e\000s}{section.12.1}% 457
\BOOKMARK [2][-]{subsection.12.1.3}{\376\377\000M\000e\000t\000r\000i\000c\000s\000\040\000D\000e\000f\000i\000n\000i\000t\000i\000o\000n\000s}{section.12.1}% 458
\BOOKMARK [2][-]{subsection.12.1.4}{\376\377\000T\000e\000s\000t\000\040\000E\000n\000v\000i\000r\000o\000n\000m\000e\000n\000t}{section.12.1}% 459
\BOOKMARK [2][-]{subsection.12.1.5}{\376\377\000W\000o\000r\000k\000l\000o\000a\000d\000\040\000D\000e\000s\000c\000r\000i\000p\000t\000i\000o\000n}{section.12.1}% 460
\BOOKMARK [2][-]{subsection.12.1.6}{\376\377\000T\000e\000s\000t\000\040\000S\000u\000i\000t\000e\000\040\000S\000t\000a\000t\000i\000s\000t\000i\000c\000s}{section.12.1}% 461
\BOOKMARK [1][-]{section.12.2}{\376\377\000F\000u\000n\000c\000t\000i\000o\000n\000a\000l\000\040\000E\000v\000a\000l\000u\000a\000t\000i\000o\000n}{chapter.12}% 462
\BOOKMARK [2][-]{subsection.12.2.1}{\376\377\000A\000P\000I\000\040\000C\000o\000n\000t\000r\000a\000c\000t\000\040\000C\000o\000m\000p\000l\000i\000a\000n\000c\000e}{section.12.2}% 463
\BOOKMARK [2][-]{subsection.12.2.2}{\376\377\000F\000e\000a\000t\000u\000r\000e\000\040\000C\000o\000m\000p\000l\000e\000t\000e\000n\000e\000s\000s}{section.12.2}% 464
\BOOKMARK [1][-]{section.12.3}{\376\377\000P\000e\000r\000f\000o\000r\000m\000a\000n\000c\000e\000\040\000E\000v\000a\000l\000u\000a\000t\000i\000o\000n}{chapter.12}% 465
\BOOKMARK [2][-]{subsection.12.3.1}{\376\377\000B\000a\000s\000e\000l\000i\000n\000e\000s}{section.12.3}% 466
\BOOKMARK [2][-]{subsection.12.3.2}{\376\377\000R\000e\000s\000p\000o\000n\000s\000e\000\040\000T\000i\000m\000e\000\040\000A\000n\000a\000l\000y\000s\000i\000s}{section.12.3}% 467
\BOOKMARK [2][-]{subsection.12.3.3}{\376\377\000T\000h\000r\000o\000u\000g\000h\000p\000u\000t}{section.12.3}% 468
\BOOKMARK [2][-]{subsection.12.3.4}{\376\377\000R\000e\000s\000o\000u\000r\000c\000e\000\040\000U\000t\000i\000l\000i\000z\000a\000t\000i\000o\000n}{section.12.3}% 469
\BOOKMARK [2][-]{subsection.12.3.5}{\376\377\000A\000b\000l\000a\000t\000i\000o\000n\000\040\000S\000t\000u\000d\000y}{section.12.3}% 470
\BOOKMARK [1][-]{section.12.4}{\376\377\000S\000e\000c\000u\000r\000i\000t\000y\000\040\000E\000v\000a\000l\000u\000a\000t\000i\000o\000n}{chapter.12}% 471
\BOOKMARK [2][-]{subsection.12.4.1}{\376\377\000A\000u\000t\000h\000e\000n\000t\000i\000c\000a\000t\000i\000o\000n\000\040\000a\000n\000d\000\040\000A\000u\000t\000h\000o\000r\000i\000z\000a\000t\000i\000o\000n}{section.12.4}% 472
\BOOKMARK [2][-]{subsection.12.4.2}{\376\377\000D\000a\000t\000a\000\040\000P\000r\000o\000t\000e\000c\000t\000i\000o\000n}{section.12.4}% 473
\BOOKMARK [2][-]{subsection.12.4.3}{\376\377\000P\000e\000n\000e\000t\000r\000a\000t\000i\000o\000n\000\040\000T\000e\000s\000t\000i\000n\000g}{section.12.4}% 474
\BOOKMARK [1][-]{section.12.5}{\376\377\000A\000v\000a\000i\000l\000a\000b\000i\000l\000i\000t\000y\000,\000\040\000F\000a\000u\000l\000t\000-\000T\000o\000l\000e\000r\000a\000n\000c\000e\000,\000\040\000a\000n\000d\000\040\000D\000e\000g\000r\000a\000d\000a\000t\000i\000o\000n\000\040\000B\000e\000h\000a\000v\000i\000o\000r}{chapter.12}% 475
\BOOKMARK [2][-]{subsection.12.5.1}{\376\377\000C\000i\000r\000c\000u\000i\000t\000\040\000B\000r\000e\000a\000k\000e\000r\000\040\000E\000v\000a\000l\000u\000a\000t\000i\000o\000n}{section.12.5}% 476
\BOOKMARK [2][-]{subsection.12.5.2}{\376\377\000D\000a\000t\000a\000b\000a\000s\000e\000\040\000F\000a\000i\000l\000u\000r\000e\000\040\000S\000c\000e\000n\000a\000r\000i\000o\000s}{section.12.5}% 477
\BOOKMARK [1][-]{section.12.6}{\376\377\000O\000p\000e\000r\000a\000t\000i\000o\000n\000a\000l\000\040\000C\000o\000s\000t\000\040\000a\000n\000d\000\040\000B\000u\000d\000g\000e\000t\000\040\000E\000v\000a\000l\000u\000a\000t\000i\000o\000n}{chapter.12}% 478
\BOOKMARK [1][-]{section.12.7}{\376\377\000E\000n\000d\000-\000t\000o\000-\000E\000n\000d\000\040\000W\000o\000r\000k\000f\000l\000o\000w\000s}{chapter.12}% 479
\BOOKMARK [1][-]{section.12.8}{\376\377\000C\000o\000m\000p\000a\000r\000i\000s\000o\000n\000\040\000w\000i\000t\000h\000\040\000R\000e\000l\000a\000t\000e\000d\000\040\000W\000o\000r\000k}{chapter.12}% 480
\BOOKMARK [2][-]{subsection.12.8.1}{\376\377\000F\000e\000a\000t\000u\000r\000e\000\040\000C\000o\000m\000p\000a\000r\000i\000s\000o\000n}{section.12.8}% 481
\BOOKMARK [2][-]{subsection.12.8.2}{\376\377\000S\000t\000r\000a\000t\000e\000g\000i\000c\000\040\000P\000o\000s\000i\000t\000i\000o\000n\000i\000n\000g}{section.12.8}% 482
\BOOKMARK [1][-]{section.12.9}{\376\377\000T\000h\000r\000e\000a\000t\000s\000\040\000t\000o\000\040\000V\000a\000l\000i\000d\000i\000t\000y}{chapter.12}% 483
\BOOKMARK [2][-]{subsection.12.9.1}{\376\377\000I\000n\000t\000e\000r\000n\000a\000l\000\040\000V\000a\000l\000i\000d\000i\000t\000y}{section.12.9}% 484
\BOOKMARK [2][-]{subsection.12.9.2}{\376\377\000E\000x\000t\000e\000r\000n\000a\000l\000\040\000V\000a\000l\000i\000d\000i\000t\000y}{section.12.9}% 485
\BOOKMARK [2][-]{subsection.12.9.3}{\376\377\000C\000o\000n\000s\000t\000r\000u\000c\000t\000\040\000a\000n\000d\000\040\000R\000e\000l\000i\000a\000b\000i\000l\000i\000t\000y}{section.12.9}% 486
\BOOKMARK [2][-]{subsection.12.9.4}{\376\377\000R\000e\000p\000r\000o\000d\000u\000c\000i\000b\000i\000l\000i\000t\000y}{section.12.9}% 487
\BOOKMARK [0][-]{chapter.13}{\376\377\000C\000o\000n\000c\000l\000u\000s\000i\000o\000n\000s\000\040\000a\000n\000d\000\040\000F\000u\000t\000u\000r\000e\000\040\000W\000o\000r\000k}{}% 488
\BOOKMARK [1][-]{section.13.1}{\376\377\000S\000u\000m\000m\000a\000r\000y\000\040\000o\000f\000\040\000C\000o\000n\000t\000r\000i\000b\000u\000t\000i\000o\000n\000s}{chapter.13}% 489
\BOOKMARK [1][-]{section.13.2}{\376\377\000L\000e\000s\000s\000o\000n\000s\000\040\000L\000e\000a\000r\000n\000e\000d}{chapter.13}% 490
\BOOKMARK [2][-]{subsection.13.2.1}{\376\377\000A\000r\000c\000h\000i\000t\000e\000c\000t\000u\000r\000a\000l\000\040\000I\000n\000s\000i\000g\000h\000t\000s}{section.13.2}% 491
\BOOKMARK [2][-]{subsection.13.2.2}{\376\377\000B\000e\000s\000t\000\040\000P\000r\000a\000c\000t\000i\000c\000e\000s\000\040\000I\000d\000e\000n\000t\000i\000f\000i\000e\000d}{section.13.2}% 492
\BOOKMARK [1][-]{section.13.3}{\376\377\000L\000i\000m\000i\000t\000a\000t\000i\000o\000n\000s}{chapter.13}% 493
\BOOKMARK [2][-]{subsection.13.3.1}{\376\377\000S\000c\000o\000p\000e\000\040\000C\000o\000n\000s\000t\000r\000a\000i\000n\000t\000s}{section.13.3}% 494
\BOOKMARK [2][-]{subsection.13.3.2}{\376\377\000A\000r\000c\000h\000i\000t\000e\000c\000t\000u\000r\000a\000l\000\040\000L\000i\000m\000i\000t\000a\000t\000i\000o\000n\000s}{section.13.3}% 495
\BOOKMARK [2][-]{subsection.13.3.3}{\376\377\000T\000e\000c\000h\000n\000i\000c\000a\000l\000\040\000D\000e\000b\000t}{section.13.3}% 496
\BOOKMARK [1][-]{section.13.4}{\376\377\000F\000u\000t\000u\000r\000e\000\040\000W\000o\000r\000k}{chapter.13}% 497
\BOOKMARK [2][-]{subsection.13.4.1}{\376\377\000H\000i\000g\000h\000-\000P\000r\000i\000o\000r\000i\000t\000y\000\040\000E\000n\000h\000a\000n\000c\000e\000m\000e\000n\000t\000s}{section.13.4}% 498
\BOOKMARK [2][-]{subsection.13.4.2}{\376\377\000A\000g\000e\000n\000t\000\040\000C\000a\000p\000a\000b\000i\000l\000i\000t\000y\000\040\000E\000x\000t\000e\000n\000s\000i\000o\000n\000s}{section.13.4}% 499
\BOOKMARK [2][-]{subsection.13.4.3}{\376\377\000I\000n\000f\000r\000a\000s\000t\000r\000u\000c\000t\000u\000r\000e\000\040\000I\000m\000p\000r\000o\000v\000e\000m\000e\000n\000t\000s}{section.13.4}% 500
\BOOKMARK [2][-]{subsection.13.4.4}{\376\377\000R\000o\000a\000d\000m\000a\000p\000\040\000P\000r\000i\000o\000r\000i\000t\000y}{section.13.4}% 501
\BOOKMARK [1][-]{section.13.5}{\376\377\000I\000m\000p\000l\000i\000c\000a\000t\000i\000o\000n\000s\000\040\000f\000o\000r\000\040\000E\000n\000t\000e\000r\000p\000r\000i\000s\000e\000\040\000A\000I\000\040\000A\000r\000c\000h\000i\000t\000e\000c\000t\000u\000r\000e\000s}{chapter.13}% 502
\BOOKMARK [2][-]{subsection.13.5.1}{\376\377\000E\000n\000t\000e\000r\000p\000r\000i\000s\000e\000-\000F\000i\000r\000s\000t\000\040\000D\000e\000s\000i\000g\000n\000\040\000P\000h\000i\000l\000o\000s\000o\000p\000h\000y}{section.13.5}% 503
\BOOKMARK [2][-]{subsection.13.5.2}{\376\377\000K\000e\000y\000\040\000P\000a\000t\000t\000e\000r\000n\000s}{section.13.5}% 504
\BOOKMARK [2][-]{subsection.13.5.3}{\376\377\000C\000o\000n\000c\000l\000u\000d\000i\000n\000g\000\040\000R\000e\000m\000a\000r\000k\000s}{section.13.5}% 505
\BOOKMARK [0][-]{appendix.A}{\376\377\000A\000P\000I\000\040\000E\000n\000d\000p\000o\000i\000n\000t\000\040\000R\000e\000f\000e\000r\000e\000n\000c\000e}{}% 506
\BOOKMARK [1][-]{section.A.1}{\376\377\000A\000P\000I\000\040\000O\000v\000e\000r\000v\000i\000e\000w}{appendix.A}% 507
\BOOKMARK [2][-]{subsection.A.1.1}{\376\377\000B\000a\000s\000e\000\040\000U\000R\000L\000\040\000a\000n\000d\000\040\000V\000e\000r\000s\000i\000o\000n\000i\000n\000g}{section.A.1}% 508
\BOOKMARK [2][-]{subsection.A.1.2}{\376\377\000A\000u\000t\000h\000e\000n\000t\000i\000c\000a\000t\000i\000o\000n}{section.A.1}% 509
\BOOKMARK [2][-]{subsection.A.1.3}{\376\377\000C\000o\000m\000m\000o\000n\000\040\000R\000e\000s\000p\000o\000n\000s\000e\000\040\000H\000e\000a\000d\000e\000r\000s}{section.A.1}% 510
\BOOKMARK [1][-]{section.A.2}{\376\377\000E\000n\000d\000p\000o\000i\000n\000t\000\040\000C\000a\000t\000e\000g\000o\000r\000i\000e\000s}{appendix.A}% 511
\BOOKMARK [1][-]{section.A.3}{\376\377\000A\000g\000e\000n\000t\000\040\000E\000n\000d\000p\000o\000i\000n\000t\000s}{appendix.A}% 512
\BOOKMARK [2][-]{subsection.A.3.1}{\376\377\000S\000e\000s\000s\000i\000o\000n\000\040\000M\000a\000n\000a\000g\000e\000m\000e\000n\000t}{section.A.3}% 513
\BOOKMARK [2][-]{subsection.A.3.2}{\376\377\000A\000g\000e\000n\000t\000\040\000R\000u\000n\000s}{section.A.3}% 514
\BOOKMARK [1][-]{section.A.4}{\376\377\000J\000o\000b\000s\000\040\000E\000n\000d\000p\000o\000i\000n\000t\000s}{appendix.A}% 515
\BOOKMARK [1][-]{section.A.5}{\376\377\000M\000o\000d\000e\000l\000\040\000M\000a\000n\000a\000g\000e\000m\000e\000n\000t\000\040\000E\000n\000d\000p\000o\000i\000n\000t\000s}{appendix.A}% 516
\BOOKMARK [2][-]{subsection.A.5.1}{\376\377\000M\000o\000d\000e\000l\000\040\000I\000n\000s\000t\000a\000n\000c\000e\000s}{section.A.5}% 517
\BOOKMARK [2][-]{subsection.A.5.2}{\376\377\000L\000L\000M\000\040\000P\000r\000o\000v\000i\000d\000e\000r\000s}{section.A.5}% 518
\BOOKMARK [1][-]{section.A.6}{\376\377\000H\000e\000a\000l\000t\000h\000\040\000E\000n\000d\000p\000o\000i\000n\000t\000s}{appendix.A}% 519
\BOOKMARK [1][-]{section.A.7}{\376\377\000T\000o\000o\000l\000s\000\040\000E\000n\000d\000p\000o\000i\000n\000t\000s}{appendix.A}% 520
\BOOKMARK [1][-]{section.A.8}{\376\377\000A\000d\000m\000i\000n\000\040\000E\000n\000d\000p\000o\000i\000n\000t\000s}{appendix.A}% 521
\BOOKMARK [2][-]{subsection.A.8.1}{\376\377\000T\000e\000n\000a\000n\000t\000\040\000M\000a\000n\000a\000g\000e\000m\000e\000n\000t}{section.A.8}% 522
\BOOKMARK [2][-]{subsection.A.8.2}{\376\377\000P\000r\000o\000c\000e\000s\000s\000\040\000M\000a\000n\000a\000g\000e\000m\000e\000n\000t}{section.A.8}% 523
\BOOKMARK [1][-]{section.A.9}{\376\377\000E\000r\000r\000o\000r\000\040\000R\000e\000s\000p\000o\000n\000s\000e\000\040\000F\000o\000r\000m\000a\000t}{appendix.A}% 524
\BOOKMARK [2][-]{subsection.A.9.1}{\376\377\000H\000T\000T\000P\000\040\000S\000t\000a\000t\000u\000s\000\040\000C\000o\000d\000e\000s}{section.A.9}% 525
\BOOKMARK [1][-]{section.A.10}{\376\377\000P\000a\000g\000i\000n\000a\000t\000i\000o\000n}{appendix.A}% 526
\BOOKMARK [1][-]{section.A.11}{\376\377\000D\000o\000c\000u\000m\000e\000n\000t\000a\000t\000i\000o\000n\000\040\000A\000c\000c\000e\000s\000s}{appendix.A}% 527
\BOOKMARK [0][-]{appendix.B}{\376\377\000M\000C\000P\000\040\000T\000o\000o\000l\000\040\000R\000e\000f\000e\000r\000e\000n\000c\000e}{}% 528
\BOOKMARK [1][-]{section.B.1}{\376\377\000T\000o\000o\000l\000\040\000A\000r\000c\000h\000i\000t\000e\000c\000t\000u\000r\000e\000\040\000O\000v\000e\000r\000v\000i\000e\000w}{appendix.B}% 529
\BOOKMARK [2][-]{subsection.B.1.1}{\376\377\000T\000o\000o\000l\000\040\000R\000e\000g\000i\000s\000t\000r\000a\000t\000i\000o\000n}{section.B.1}% 530
\BOOKMARK [2][-]{subsection.B.1.2}{\376\377\000C\000o\000m\000m\000o\000n\000\040\000R\000e\000s\000p\000o\000n\000s\000e\000\040\000F\000o\000r\000m\000a\000t}{section.B.1}% 531
\BOOKMARK [1][-]{section.B.2}{\376\377\000G\000r\000a\000p\000h\000\040\000T\000o\000o\000l\000s}{appendix.B}% 532
\BOOKMARK [2][-]{subsection.B.2.1}{\376\377\000g\000r\000a\000p\000h\000.\000q\000u\000e\000r\000y}{section.B.2}% 533
\BOOKMARK [2][-]{subsection.B.2.2}{\376\377\000g\000r\000a\000p\000h\000.\000s\000e\000c\000u\000r\000e\000\137\000q\000u\000e\000r\000y}{section.B.2}% 534
\BOOKMARK [2][-]{subsection.B.2.3}{\376\377\000g\000r\000a\000p\000h\000.\000s\000c\000h\000e\000m\000a}{section.B.2}% 535
\BOOKMARK [2][-]{subsection.B.2.4}{\376\377\000g\000r\000a\000p\000h\000.\000s\000e\000a\000r\000c\000h}{section.B.2}% 536
\BOOKMARK [2][-]{subsection.B.2.5}{\376\377\000g\000r\000a\000p\000h\000.\000c\000r\000u\000d}{section.B.2}% 537
\BOOKMARK [2][-]{subsection.B.2.6}{\376\377\000g\000r\000a\000p\000h\000.\000b\000u\000l\000k}{section.B.2}% 538
\BOOKMARK [2][-]{subsection.B.2.7}{\376\377\000g\000r\000a\000p\000h\000.\000a\000n\000a\000l\000y\000t\000i\000c\000s}{section.B.2}% 539
\BOOKMARK [2][-]{subsection.B.2.8}{\376\377\000g\000r\000a\000p\000h\000.\000g\000e\000n\000e\000r\000a\000t\000e\000\137\000c\000y\000p\000h\000e\000r}{section.B.2}% 540
\BOOKMARK [1][-]{section.B.3}{\376\377\000S\000e\000c\000u\000r\000i\000t\000y\000\040\000T\000o\000o\000l\000s}{appendix.B}% 541
\BOOKMARK [2][-]{subsection.B.3.1}{\376\377\000s\000e\000c\000u\000r\000i\000t\000y\000.\000c\000h\000e\000c\000k}{section.B.3}% 542
\BOOKMARK [2][-]{subsection.B.3.2}{\376\377\000s\000e\000c\000u\000r\000i\000t\000y\000.\000a\000u\000d\000i\000t}{section.B.3}% 543
\BOOKMARK [2][-]{subsection.B.3.3}{\376\377\000s\000e\000c\000u\000r\000i\000t\000y\000.\000p\000e\000r\000m\000i\000s\000s\000i\000o\000n\000s}{section.B.3}% 544
\BOOKMARK [2][-]{subsection.B.3.4}{\376\377\000s\000e\000c\000u\000r\000i\000t\000y\000.\000a\000l\000l\000o\000w\000e\000d\000\137\000o\000p\000e\000r\000a\000t\000i\000o\000n\000s}{section.B.3}% 545
\BOOKMARK [2][-]{subsection.B.3.5}{\376\377\000s\000e\000c\000u\000r\000i\000t\000y\000.\000d\000e\000s\000c\000r\000i\000b\000e\000\137\000p\000r\000i\000n\000c\000i\000p\000a\000l}{section.B.3}% 546
\BOOKMARK [1][-]{section.B.4}{\376\377\000S\000y\000s\000t\000e\000m\000\040\000T\000o\000o\000l\000s}{appendix.B}% 547
\BOOKMARK [2][-]{subsection.B.4.1}{\376\377\000s\000y\000s\000t\000e\000m\000.\000h\000e\000a\000l\000t\000h}{section.B.4}% 548
\BOOKMARK [2][-]{subsection.B.4.2}{\376\377\000s\000y\000s\000t\000e\000m\000.\000s\000t\000a\000t\000u\000s}{section.B.4}% 549
\BOOKMARK [2][-]{subsection.B.4.3}{\376\377\000s\000y\000s\000t\000e\000m\000.\000m\000e\000t\000r\000i\000c\000s}{section.B.4}% 550
\BOOKMARK [2][-]{subsection.B.4.4}{\376\377\000s\000y\000s\000t\000e\000m\000.\000b\000a\000c\000k\000u\000p}{section.B.4}% 551
\BOOKMARK [1][-]{section.B.5}{\376\377\000D\000a\000t\000a\000\040\000T\000o\000o\000l\000s}{appendix.B}% 552
\BOOKMARK [2][-]{subsection.B.5.1}{\376\377\000d\000a\000t\000a\000.\000a\000r\000c\000h\000i\000v\000e}{section.B.5}% 553
\BOOKMARK [2][-]{subsection.B.5.2}{\376\377\000d\000a\000t\000a\000.\000q\000u\000a\000l\000i\000t\000y}{section.B.5}% 554
\BOOKMARK [1][-]{section.B.6}{\376\377\000M\000o\000d\000e\000l\000\040\000T\000o\000o\000l\000s}{appendix.B}% 555
\BOOKMARK [2][-]{subsection.B.6.1}{\376\377\000m\000o\000d\000e\000l\000.\000m\000a\000n\000a\000g\000e}{section.B.6}% 556
\BOOKMARK [2][-]{subsection.B.6.2}{\376\377\000m\000o\000d\000e\000l\000.\000t\000e\000s\000t}{section.B.6}% 557
\BOOKMARK [1][-]{section.B.7}{\376\377\000O\000u\000t\000p\000u\000t\000\040\000T\000o\000o\000l\000s}{appendix.B}% 558
\BOOKMARK [2][-]{subsection.B.7.1}{\376\377\000o\000u\000t\000p\000u\000t\000.\000f\000o\000r\000m\000a\000t}{section.B.7}% 559
\BOOKMARK [2][-]{subsection.B.7.2}{\376\377\000o\000u\000t\000p\000u\000t\000.\000s\000u\000m\000m\000a\000r\000i\000z\000e}{section.B.7}% 560
\BOOKMARK [1][-]{section.B.8}{\376\377\000A\000d\000d\000i\000t\000i\000o\000n\000a\000l\000\040\000T\000o\000o\000l\000s}{appendix.B}% 561
\BOOKMARK [1][-]{section.B.9}{\376\377\000T\000o\000o\000l\000\040\000D\000i\000s\000c\000o\000v\000e\000r\000y\000\040\000A\000P\000I}{appendix.B}% 562
\BOOKMARK [1][-]{section.B.10}{\376\377\000S\000e\000c\000u\000r\000i\000t\000y\000\040\000a\000n\000d\000\040\000A\000u\000d\000i\000t}{appendix.B}% 563
\BOOKMARK [0][-]{appendix.C}{\376\377\000D\000a\000t\000a\000b\000a\000s\000e\000\040\000S\000c\000h\000e\000m\000a}{}% 564
\BOOKMARK [1][-]{section.C.1}{\376\377\000P\000o\000s\000t\000g\000r\000e\000S\000Q\000L\000\040\000S\000c\000h\000e\000m\000a}{appendix.C}% 565
\BOOKMARK [2][-]{subsection.C.1.1}{\376\377\000C\000o\000r\000e\000\040\000T\000a\000b\000l\000e\000s}{section.C.1}% 566
\BOOKMARK [2][-]{subsection.C.1.2}{\376\377\000A\000g\000e\000n\000t\000\040\000T\000a\000b\000l\000e\000s}{section.C.1}% 567
\BOOKMARK [2][-]{subsection.C.1.3}{\376\377\000P\000r\000o\000v\000i\000d\000e\000r\000\040\000T\000a\000b\000l\000e\000s}{section.C.1}% 568
\BOOKMARK [1][-]{section.C.2}{\376\377\000M\000e\000m\000g\000r\000a\000p\000h\000\040\000S\000c\000h\000e\000m\000a}{appendix.C}% 569
\BOOKMARK [2][-]{subsection.C.2.1}{\376\377\000N\000o\000d\000e\000\040\000T\000y\000p\000e\000s}{section.C.2}% 570
\BOOKMARK [2][-]{subsection.C.2.2}{\376\377\000R\000e\000l\000a\000t\000i\000o\000n\000s\000h\000i\000p\000\040\000T\000y\000p\000e\000s}{section.C.2}% 571
\BOOKMARK [1][-]{section.C.3}{\376\377\000R\000e\000d\000i\000s\000\040\000K\000e\000y\000\040\000P\000a\000t\000t\000e\000r\000n\000s}{appendix.C}% 572
\BOOKMARK [1][-]{section.C.4}{\376\377\000M\000i\000g\000r\000a\000t\000i\000o\000n\000\040\000H\000i\000s\000t\000o\000r\000y}{appendix.C}% 573
\BOOKMARK [0][-]{appendix.D}{\376\377\000A\000r\000c\000h\000i\000t\000e\000c\000t\000u\000r\000e\000\040\000D\000e\000c\000i\000s\000i\000o\000n\000\040\000R\000e\000c\000o\000r\000d\000s\000\040\000\050\000A\000D\000R\000\051\000\040\000S\000u\000m\000m\000a\000r\000y}{}% 574
\BOOKMARK [1][-]{section.D.1}{\376\377\000A\000D\000R\000\040\000P\000r\000o\000c\000e\000s\000s}{appendix.D}% 575
\BOOKMARK [2][-]{subsection.D.1.1}{\376\377\000A\000D\000R\000\040\000F\000o\000r\000m\000a\000t}{section.D.1}% 576
\BOOKMARK [1][-]{section.D.2}{\376\377\000R\000e\000c\000o\000r\000d\000e\000d\000\040\000D\000e\000c\000i\000s\000i\000o\000n\000s}{appendix.D}% 577
\BOOKMARK [2][-]{subsection.D.2.1}{\376\377\000A\000D\000R\000-\0000\0000\0000\0001\000:\000\040\000R\000e\000c\000o\000r\000d\000\040\000A\000r\000c\000h\000i\000t\000e\000c\000t\000u\000r\000e\000\040\000D\000e\000c\000i\000s\000i\000o\000n\000s}{section.D.2}% 578
\BOOKMARK [1][-]{section.D.3}{\376\377\000I\000m\000p\000l\000i\000c\000i\000t\000\040\000D\000e\000c\000i\000s\000i\000o\000n\000s}{appendix.D}% 579
\BOOKMARK [2][-]{subsection.D.3.1}{\376\377\000T\000h\000r\000e\000e\000-\000L\000a\000y\000e\000r\000\040\000A\000r\000c\000h\000i\000t\000e\000c\000t\000u\000r\000e}{section.D.3}% 580
\BOOKMARK [2][-]{subsection.D.3.2}{\376\377\000P\000o\000s\000t\000g\000r\000e\000S\000Q\000L\000\040\000a\000s\000\040\000C\000o\000n\000t\000r\000o\000l\000\040\000P\000l\000a\000n\000e}{section.D.3}% 581
\BOOKMARK [2][-]{subsection.D.3.3}{\376\377\000R\000e\000d\000i\000s\000\040\000a\000s\000\040\000D\000a\000t\000a\000\040\000P\000l\000a\000n\000e}{section.D.3}% 582
\BOOKMARK [2][-]{subsection.D.3.4}{\376\377\000M\000e\000m\000g\000r\000a\000p\000h\000\040\000f\000o\000r\000\040\000G\000r\000a\000p\000h\000\040\000D\000o\000m\000a\000i\000n}{section.D.3}% 583
\BOOKMARK [2][-]{subsection.D.3.5}{\376\377\000M\000C\000P\000-\000S\000t\000y\000l\000e\000\040\000T\000o\000o\000l\000\040\000P\000r\000o\000t\000o\000c\000o\000l}{section.D.3}% 584
\BOOKMARK [2][-]{subsection.D.3.6}{\376\377\000O\000I\000D\000C\000/\000J\000W\000T\000\040\000f\000o\000r\000\040\000A\000u\000t\000h\000e\000n\000t\000i\000c\000a\000t\000i\000o\000n}{section.D.3}% 585
\BOOKMARK [2][-]{subsection.D.3.7}{\376\377\000M\000u\000l\000t\000i\000-\000T\000e\000n\000a\000n\000t\000\040\000I\000s\000o\000l\000a\000t\000i\000o\000n}{section.D.3}% 586
\BOOKMARK [2][-]{subsection.D.3.8}{\376\377\000D\000u\000a\000l\000\040\000U\000I\000\040\000A\000r\000c\000h\000i\000t\000e\000c\000t\000u\000r\000e}{section.D.3}% 587
\BOOKMARK [1][-]{section.D.4}{\376\377\000P\000e\000n\000d\000i\000n\000g\000\040\000D\000e\000c\000i\000s\000i\000o\000n\000s}{appendix.D}% 588
\BOOKMARK [0][-]{appendix.E}{\376\377\000C\000o\000n\000f\000i\000g\000u\000r\000a\000t\000i\000o\000n\000\040\000R\000e\000f\000e\000r\000e\000n\000c\000e}{}% 589
\BOOKMARK [1][-]{section.E.1}{\376\377\000C\000o\000n\000f\000i\000g\000u\000r\000a\000t\000i\000o\000n\000\040\000L\000o\000a\000d\000i\000n\000g}{appendix.E}% 590
\BOOKMARK [2][-]{subsection.E.1.1}{\376\377\000S\000e\000c\000r\000e\000t\000s\000\040\000M\000a\000n\000a\000g\000e\000m\000e\000n\000t}{section.E.1}% 591
\BOOKMARK [1][-]{section.E.2}{\376\377\000A\000p\000p\000l\000i\000c\000a\000t\000i\000o\000n\000\040\000S\000e\000t\000t\000i\000n\000g\000s}{appendix.E}% 592
\BOOKMARK [1][-]{section.E.3}{\376\377\000D\000a\000t\000a\000b\000a\000s\000e\000\040\000S\000e\000t\000t\000i\000n\000g\000s}{appendix.E}% 593
\BOOKMARK [2][-]{subsection.E.3.1}{\376\377\000P\000o\000s\000t\000g\000r\000e\000S\000Q\000L}{section.E.3}% 594
\BOOKMARK [2][-]{subsection.E.3.2}{\376\377\000M\000e\000m\000g\000r\000a\000p\000h}{section.E.3}% 595
\BOOKMARK [2][-]{subsection.E.3.3}{\376\377\000R\000e\000d\000i\000s}{section.E.3}% 596
\BOOKMARK [1][-]{section.E.4}{\376\377\000S\000e\000c\000u\000r\000i\000t\000y\000\040\000S\000e\000t\000t\000i\000n\000g\000s}{appendix.E}% 597
\BOOKMARK [2][-]{subsection.E.4.1}{\376\377\000O\000I\000D\000C\000/\000J\000W\000T\000\040\000A\000u\000t\000h\000e\000n\000t\000i\000c\000a\000t\000i\000o\000n}{section.E.4}% 598
\BOOKMARK [1][-]{section.E.5}{\376\377\000L\000L\000M\000\040\000S\000e\000t\000t\000i\000n\000g\000s}{appendix.E}% 599
\BOOKMARK [2][-]{subsection.E.5.1}{\376\377\000P\000r\000o\000v\000i\000d\000e\000r\000\040\000C\000o\000n\000f\000i\000g\000u\000r\000a\000t\000i\000o\000n}{section.E.5}% 600
\BOOKMARK [2][-]{subsection.E.5.2}{\376\377\000O\000l\000l\000a\000m\000a\000\040\000S\000e\000t\000t\000i\000n\000g\000s}{section.E.5}% 601
\BOOKMARK [1][-]{section.E.6}{\376\377\000R\000a\000t\000e\000\040\000L\000i\000m\000i\000t\000i\000n\000g}{appendix.E}% 602
\BOOKMARK [1][-]{section.E.7}{\376\377\000J\000o\000b\000s\000\040\000S\000e\000t\000t\000i\000n\000g\000s}{appendix.E}% 603
\BOOKMARK [1][-]{section.E.8}{\376\377\000O\000b\000s\000e\000r\000v\000a\000b\000i\000l\000i\000t\000y\000\040\000S\000e\000t\000t\000i\000n\000g\000s}{appendix.E}% 604
\BOOKMARK [0][-]{appendix.F}{\376\377\000E\000x\000a\000m\000p\000l\000e\000\040\000C\000o\000n\000f\000i\000g\000u\000r\000a\000t\000i\000o\000n\000s\000\040\000a\000n\000d\000\040\000E\000n\000v\000i\000r\000o\000n\000m\000e\000n\000t\000\040\000T\000e\000m\000p\000l\000a\000t\000e\000s}{}% 605
\BOOKMARK [1][-]{section.F.1}{\376\377\000D\000e\000v\000e\000l\000o\000p\000m\000e\000n\000t\000\040\000E\000n\000v\000i\000r\000o\000n\000m\000e\000n\000t}{appendix.F}% 606
\BOOKMARK [2][-]{subsection.F.1.1}{\376\377\000M\000i\000n\000i\000m\000a\000l\000\040\000D\000e\000v\000e\000l\000o\000p\000m\000e\000n\000t\000\040\000S\000e\000t\000u\000p}{section.F.1}% 607
\BOOKMARK [1][-]{section.F.2}{\376\377\000T\000e\000s\000t\000i\000n\000g\000\040\000E\000n\000v\000i\000r\000o\000n\000m\000e\000n\000t}{appendix.F}% 608
\BOOKMARK [2][-]{subsection.F.2.1}{\376\377\000C\000I\000/\000C\000D\000\040\000T\000e\000s\000t\000\040\000C\000o\000n\000f\000i\000g\000u\000r\000a\000t\000i\000o\000n}{section.F.2}% 609
\BOOKMARK [1][-]{section.F.3}{\376\377\000P\000r\000o\000d\000u\000c\000t\000i\000o\000n\000\040\000E\000n\000v\000i\000r\000o\000n\000m\000e\000n\000t}{appendix.F}% 610
\BOOKMARK [2][-]{subsection.F.3.1}{\376\377\000F\000u\000l\000l\000\040\000P\000r\000o\000d\000u\000c\000t\000i\000o\000n\000\040\000C\000o\000n\000f\000i\000g\000u\000r\000a\000t\000i\000o\000n}{section.F.3}% 611
\BOOKMARK [1][-]{section.F.4}{\376\377\000G\000P\000U\000-\000E\000n\000a\000b\000l\000e\000d\000\040\000C\000o\000n\000f\000i\000g\000u\000r\000a\000t\000i\000o\000n}{appendix.F}% 612
\BOOKMARK [1][-]{section.F.5}{\376\377\000S\000e\000c\000u\000r\000i\000t\000y\000\040\000H\000a\000r\000d\000e\000n\000i\000n\000g\000\040\000C\000h\000e\000c\000k\000l\000i\000s\000t}{appendix.F}% 613
\BOOKMARK [0][-]{appendix.G}{\376\377\000G\000l\000o\000s\000s\000a\000r\000y\000\040\000o\000f\000\040\000T\000e\000r\000m\000s}{}% 614
\BOOKMARK [1][-]{section.G.1}{\376\377\000G\000e\000n\000e\000r\000a\000l\000\040\000T\000e\000r\000m\000s}{appendix.G}% 615
\BOOKMARK [1][-]{section.G.2}{\376\377\000A\000r\000c\000h\000i\000t\000e\000c\000t\000u\000r\000e\000\040\000T\000e\000r\000m\000s}{appendix.G}% 616
\BOOKMARK [1][-]{section.G.3}{\376\377\000L\000L\000M\000\040\000a\000n\000d\000\040\000A\000I\000\040\000T\000e\000r\000m\000s}{appendix.G}% 617
\BOOKMARK [1][-]{section.G.4}{\376\377\000D\000a\000t\000a\000b\000a\000s\000e\000\040\000T\000e\000r\000m\000s}{appendix.G}% 618
\BOOKMARK [1][-]{section.G.5}{\376\377\000S\000e\000c\000u\000r\000i\000t\000y\000\040\000T\000e\000r\000m\000s}{appendix.G}% 619
\BOOKMARK [1][-]{section.G.6}{\376\377\000P\000l\000a\000t\000f\000o\000r\000m\000-\000S\000p\000e\000c\000i\000f\000i\000c\000\040\000T\000e\000r\000m\000s}{appendix.G}% 620
\BOOKMARK [1][-]{section.G.7}{\376\377\000A\000c\000r\000o\000n\000y\000m\000s}{appendix.G}% 621
\BOOKMARK [0][-]{section*.551}{\376\377\000B\000i\000b\000l\000i\000o\000g\000r\000a\000p\000h\000y}{}% 622
