This is pdfTeX, Version 3.141592653-2.6-1.40.26 (TeX Live 2024) (preloaded format=pdflatex 2025.12.14)  9 FEB 2026 18:08
entering extended mode
 restricted \write18 enabled.
 %&-line parsing enabled.
**sapthesis-doc.tex
(./sapthesis-doc.tex
LaTeX2e <2024-11-01> patch level 2
L3 programming layer <2025-01-18>
(./sapthesis.cls
Document Class: sapthesis 2022/07/04 Sapienza University of Rome thesis class
(/Users/armanfeili/Library/TinyTeX/texmf-dist/tex/latex/xkeyval/xkeyval.sty
Package: xkeyval 2022/06/16 v2.9 package option processing (HA)
 (/Users/armanfeili/Library/TinyTeX/texmf-dist/tex/generic/xkeyval/xkeyval.tex (/Users/armanfeili/Library/TinyTeX/texmf-dist/tex/generic/xkeyval/xkvutils.tex
\XKV@toks=\toks17
\XKV@tempa@toks=\toks18
 (/Users/armanfeili/Library/TinyTeX/texmf-dist/tex/generic/xkeyval/keyval.tex))
\XKV@depth=\count196
File: xkeyval.tex 2014/12/03 v2.7a key=value parser (HA)
))
\SAP@binding=\skip49
 (/Users/armanfeili/Library/TinyTeX/texmf-dist/tex/latex/base/book.cls
Document Class: book 2024/06/29 v1.4n Standard LaTeX document class
(/Users/armanfeili/Library/TinyTeX/texmf-dist/tex/latex/base/bk11.clo
File: bk11.clo 2024/06/29 v1.4n Standard LaTeX file (size option)
)
\c@part=\count197
\c@chapter=\count198
\c@section=\count199
\c@subsection=\count266
\c@subsubsection=\count267
\c@paragraph=\count268
\c@subparagraph=\count269
\c@figure=\count270
\c@table=\count271
\abovecaptionskip=\skip50
\belowcaptionskip=\skip51
\bibindent=\dimen141
) (/Users/armanfeili/Library/TinyTeX/texmf-dist/tex/latex/geometry/geometry.sty
Package: geometry 2020/01/02 v5.9 Page Geometry
 (/Users/armanfeili/Library/TinyTeX/texmf-dist/tex/generic/iftex/ifvtex.sty
Package: ifvtex 2019/10/25 v1.7 ifvtex legacy package. Use iftex instead.
 (/Users/armanfeili/Library/TinyTeX/texmf-dist/tex/generic/iftex/iftex.sty
Package: iftex 2024/12/12 v1.0g TeX engine tests
))
\Gm@cnth=\count272
\Gm@cntv=\count273
\c@Gm@tempcnt=\count274
\Gm@bindingoffset=\dimen142
\Gm@wd@mp=\dimen143
\Gm@odd@mp=\dimen144
\Gm@even@mp=\dimen145
\Gm@layoutwidth=\dimen146
\Gm@layoutheight=\dimen147
\Gm@layouthoffset=\dimen148
\Gm@layoutvoffset=\dimen149
\Gm@dimlist=\toks19
) (/Users/armanfeili/Library/TinyTeX/texmf-dist/tex/generic/iftex/ifxetex.sty
Package: ifxetex 2019/10/25 v0.7 ifxetex legacy package. Use iftex instead.
) (/Users/armanfeili/Library/TinyTeX/texmf-dist/tex/latex/base/fontenc.sty
Package: fontenc 2021/04/29 v2.0v Standard LaTeX package
) (/Users/armanfeili/Library/TinyTeX/texmf-dist/tex/latex/base/textcomp.sty
Package: textcomp 2024/04/24 v2.1b Standard LaTeX package
) (/Users/armanfeili/Library/TinyTeX/texmf-dist/tex/latex/lm/lmodern.sty
Package: lmodern 2015/05/01 v1.6.1 Latin Modern Fonts
LaTeX Font Info:    Overwriting symbol font `operators' in version `normal'
(Font)                  OT1/cmr/m/n --> OT1/lmr/m/n on input line 22.
LaTeX Font Info:    Overwriting symbol font `letters' in version `normal'
(Font)                  OML/cmm/m/it --> OML/lmm/m/it on input line 23.
LaTeX Font Info:    Overwriting symbol font `symbols' in version `normal'
(Font)                  OMS/cmsy/m/n --> OMS/lmsy/m/n on input line 24.
LaTeX Font Info:    Overwriting symbol font `largesymbols' in version `normal'
(Font)                  OMX/cmex/m/n --> OMX/lmex/m/n on input line 25.
LaTeX Font Info:    Overwriting symbol font `operators' in version `bold'
(Font)                  OT1/cmr/bx/n --> OT1/lmr/bx/n on input line 26.
LaTeX Font Info:    Overwriting symbol font `letters' in version `bold'
(Font)                  OML/cmm/b/it --> OML/lmm/b/it on input line 27.
LaTeX Font Info:    Overwriting symbol font `symbols' in version `bold'
(Font)                  OMS/cmsy/b/n --> OMS/lmsy/b/n on input line 28.
LaTeX Font Info:    Overwriting symbol font `largesymbols' in version `bold'
(Font)                  OMX/cmex/m/n --> OMX/lmex/m/n on input line 29.
LaTeX Font Info:    Overwriting math alphabet `\mathbf' in version `normal'
(Font)                  OT1/cmr/bx/n --> OT1/lmr/bx/n on input line 31.
LaTeX Font Info:    Overwriting math alphabet `\mathsf' in version `normal'
(Font)                  OT1/cmss/m/n --> OT1/lmss/m/n on input line 32.
LaTeX Font Info:    Overwriting math alphabet `\mathit' in version `normal'
(Font)                  OT1/cmr/m/it --> OT1/lmr/m/it on input line 33.
LaTeX Font Info:    Overwriting math alphabet `\mathtt' in version `normal'
(Font)                  OT1/cmtt/m/n --> OT1/lmtt/m/n on input line 34.
LaTeX Font Info:    Overwriting math alphabet `\mathbf' in version `bold'
(Font)                  OT1/cmr/bx/n --> OT1/lmr/bx/n on input line 35.
LaTeX Font Info:    Overwriting math alphabet `\mathsf' in version `bold'
(Font)                  OT1/cmss/bx/n --> OT1/lmss/bx/n on input line 36.
LaTeX Font Info:    Overwriting math alphabet `\mathit' in version `bold'
(Font)                  OT1/cmr/bx/it --> OT1/lmr/bx/it on input line 37.
LaTeX Font Info:    Overwriting math alphabet `\mathtt' in version `bold'
(Font)                  OT1/cmtt/m/n --> OT1/lmtt/m/n on input line 38.
) (/Users/armanfeili/Library/TinyTeX/texmf-dist/tex/latex/caption/caption.sty
Package: caption 2023/08/05 v3.6o Customizing captions (AR)
 (/Users/armanfeili/Library/TinyTeX/texmf-dist/tex/latex/caption/caption3.sty
Package: caption3 2023/07/31 v2.4d caption3 kernel (AR)
\caption@tempdima=\dimen150
\captionmargin=\dimen151
\caption@leftmargin=\dimen152
\caption@rightmargin=\dimen153
\caption@width=\dimen154
\caption@indent=\dimen155
\caption@parindent=\dimen156
\caption@hangindent=\dimen157
Package caption Info: Standard document class detected.
)
\c@caption@flags=\count275
\c@continuedfloat=\count276
) (/Users/armanfeili/Library/TinyTeX/texmf-dist/tex/latex/graphics/graphicx.sty
Package: graphicx 2021/09/16 v1.2d Enhanced LaTeX Graphics (DPC,SPQR)
 (/Users/armanfeili/Library/TinyTeX/texmf-dist/tex/latex/graphics/graphics.sty
Package: graphics 2024/08/06 v1.4g Standard LaTeX Graphics (DPC,SPQR)
 (/Users/armanfeili/Library/TinyTeX/texmf-dist/tex/latex/graphics/trig.sty
Package: trig 2023/12/02 v1.11 sin cos tan (DPC)
) (/Users/armanfeili/Library/TinyTeX/texmf-dist/tex/latex/graphics-cfg/graphics.cfg
File: graphics.cfg 2016/06/04 v1.11 sample graphics configuration
)
Package graphics Info: Driver file: pdftex.def on input line 106.
 (/Users/armanfeili/Library/TinyTeX/texmf-dist/tex/latex/graphics-def/pdftex.def
File: pdftex.def 2024/04/13 v1.2c Graphics/color driver for pdftex
))
\Gin@req@height=\dimen158
\Gin@req@width=\dimen159
) (/Users/armanfeili/Library/TinyTeX/texmf-dist/tex/latex/graphics/color.sty
Package: color 2024/06/23 v1.3e Standard LaTeX Color (DPC)
 (/Users/armanfeili/Library/TinyTeX/texmf-dist/tex/latex/graphics-cfg/color.cfg
File: color.cfg 2016/01/02 v1.6 sample color configuration
)
Package color Info: Driver file: pdftex.def on input line 149.
 (/Users/armanfeili/Library/TinyTeX/texmf-dist/tex/latex/graphics/mathcolor.ltx)) (/Users/armanfeili/Library/TinyTeX/texmf-dist/tex/latex/booktabs/booktabs.sty
Package: booktabs 2020/01/12 v1.61803398 Publication quality tables
\heavyrulewidth=\dimen160
\lightrulewidth=\dimen161
\cmidrulewidth=\dimen162
\belowrulesep=\dimen163
\belowbottomsep=\dimen164
\aboverulesep=\dimen165
\abovetopsep=\dimen166
\cmidrulesep=\dimen167
\cmidrulekern=\dimen168
\defaultaddspace=\dimen169
\@cmidla=\count277
\@cmidlb=\count278
\@aboverulesep=\dimen170
\@belowrulesep=\dimen171
\@thisruleclass=\count279
\@lastruleclass=\count280
\@thisrulewidth=\dimen172
) (/Users/armanfeili/Library/TinyTeX/texmf-dist/tex/latex/amsmath/amsmath.sty
Package: amsmath 2024/11/05 v2.17t AMS math features
\@mathmargin=\skip52

For additional information on amsmath, use the `?' option.
(/Users/armanfeili/Library/TinyTeX/texmf-dist/tex/latex/amsmath/amstext.sty
Package: amstext 2021/08/26 v2.01 AMS text
 (/Users/armanfeili/Library/TinyTeX/texmf-dist/tex/latex/amsmath/amsgen.sty
File: amsgen.sty 1999/11/30 v2.0 generic functions
\@emptytoks=\toks20
\ex@=\dimen173
)) (/Users/armanfeili/Library/TinyTeX/texmf-dist/tex/latex/amsmath/amsbsy.sty
Package: amsbsy 1999/11/29 v1.2d Bold Symbols
\pmbraise@=\dimen174
) (/Users/armanfeili/Library/TinyTeX/texmf-dist/tex/latex/amsmath/amsopn.sty
Package: amsopn 2022/04/08 v2.04 operator names
)
\inf@bad=\count281
LaTeX Info: Redefining \frac on input line 233.
\uproot@=\count282
\leftroot@=\count283
LaTeX Info: Redefining \overline on input line 398.
LaTeX Info: Redefining \colon on input line 409.
\classnum@=\count284
\DOTSCASE@=\count285
LaTeX Info: Redefining \ldots on input line 495.
LaTeX Info: Redefining \dots on input line 498.
LaTeX Info: Redefining \cdots on input line 619.
\Mathstrutbox@=\box52
\strutbox@=\box53
LaTeX Info: Redefining \big on input line 721.
LaTeX Info: Redefining \Big on input line 722.
LaTeX Info: Redefining \bigg on input line 723.
LaTeX Info: Redefining \Bigg on input line 724.
\big@size=\dimen175
LaTeX Font Info:    Redeclaring font encoding OML on input line 742.
LaTeX Font Info:    Redeclaring font encoding OMS on input line 743.
\macc@depth=\count286
LaTeX Info: Redefining \bmod on input line 904.
LaTeX Info: Redefining \pmod on input line 909.
LaTeX Info: Redefining \smash on input line 939.
LaTeX Info: Redefining \relbar on input line 969.
LaTeX Info: Redefining \Relbar on input line 970.
\c@MaxMatrixCols=\count287
\dotsspace@=\muskip17
\c@parentequation=\count288
\dspbrk@lvl=\count289
\tag@help=\toks21
\row@=\count290
\column@=\count291
\maxfields@=\count292
\andhelp@=\toks22
\eqnshift@=\dimen176
\alignsep@=\dimen177
\tagshift@=\dimen178
\tagwidth@=\dimen179
\totwidth@=\dimen180
\lineht@=\dimen181
\@envbody=\toks23
\multlinegap=\skip53
\multlinetaggap=\skip54
\mathdisplay@stack=\toks24
LaTeX Info: Redefining \[ on input line 2953.
LaTeX Info: Redefining \] on input line 2954.
) (/Users/armanfeili/Library/TinyTeX/texmf-dist/tex/latex/etoolbox/etoolbox.sty
Package: etoolbox 2025/02/11 v2.5l e-TeX tools for LaTeX (JAW)
\etb@tempcnta=\count293
) (/Users/armanfeili/Library/TinyTeX/texmf-dist/tex/latex/fancyhdr/fancyhdr.sty
Package: fancyhdr 2025/02/07 v5.2 Extensive control of page headers and footers
\f@nch@headwidth=\skip55
\f@nch@offset@elh=\skip56
\f@nch@offset@erh=\skip57
\f@nch@offset@olh=\skip58
\f@nch@offset@orh=\skip59
\f@nch@offset@elf=\skip60
\f@nch@offset@erf=\skip61
\f@nch@offset@olf=\skip62
\f@nch@offset@orf=\skip63
\f@nch@height=\skip64
\f@nch@footalignment=\skip65
\f@nch@widthL=\skip66
\f@nch@widthC=\skip67
\f@nch@widthR=\skip68
\@temptokenb=\toks25
)
\SAP@advisorcount=\count294
\SAP@advisortoks=\toks26
\SAP@coadvisorcount=\count295
\SAP@coadvisortoks=\toks27
\SAP@reviewercount=\count296
\SAP@reviewertoks=\toks28
\SAP@directorcount=\count297
\SAP@directortoks=\toks29
\SAP@examinercount=\count298
\SAP@examinertoks=\toks30
) (/Users/armanfeili/Library/TinyTeX/texmf-dist/tex/latex/microtype/microtype.sty
Package: microtype 2025/02/11 v3.2a Micro-typographical refinements (RS)
\MT@toks=\toks31
\MT@tempbox=\box54
\MT@count=\count299
LaTeX Info: Redefining \noprotrusionifhmode on input line 1087.
LaTeX Info: Redefining \leftprotrusion on input line 1088.
\MT@prot@toks=\toks32
LaTeX Info: Redefining \rightprotrusion on input line 1107.
LaTeX Info: Redefining \textls on input line 1449.
\MT@outer@kern=\dimen182
LaTeX Info: Redefining \microtypecontext on input line 2053.
LaTeX Info: Redefining \textmicrotypecontext on input line 2070.
\MT@listname@count=\count300
 (/Users/armanfeili/Library/TinyTeX/texmf-dist/tex/latex/microtype/microtype-pdftex.def
File: microtype-pdftex.def 2025/02/11 v3.2a Definitions specific to pdftex (RS)
LaTeX Info: Redefining \lsstyle on input line 944.
LaTeX Info: Redefining \lslig on input line 944.
\MT@outer@space=\skip69
)
Package microtype Info: Loading configuration file microtype.cfg.
 (/Users/armanfeili/Library/TinyTeX/texmf-dist/tex/latex/microtype/microtype.cfg
File: microtype.cfg 2025/02/11 v3.2a microtype main configuration file (RS)
)
LaTeX Info: Redefining \microtypesetup on input line 3065.
) (/Users/armanfeili/Library/TinyTeX/texmf-dist/tex/generic/babel/babel.sty
Package: babel 2025/02/14 v25.4 The multilingual framework for pdfLaTeX, LuaLaTeX and XeLaTeX
\babel@savecnt=\count301
\U@D=\dimen183
\l@unhyphenated=\language7
 (/Users/armanfeili/Library/TinyTeX/texmf-dist/tex/generic/babel/txtbabel.def)
\bbl@readstream=\read2
\bbl@dirlevel=\count302
 (/Users/armanfeili/Library/TinyTeX/texmf-dist/tex/generic/babel-english/english.ldf
Language: english 2017/06/06 v3.3r English support from the babel system
Package babel Info: Hyphen rules for 'canadian' set to \l@english
(babel)             (\language0). Reported on input line 102.
Package babel Info: Hyphen rules for 'australian' set to \l@ukenglish
(babel)             (\language5). Reported on input line 105.
Package babel Info: Hyphen rules for 'newzealand' set to \l@ukenglish
(babel)             (\language5). Reported on input line 108.
)) (/Users/armanfeili/Library/TinyTeX/texmf-dist/tex/generic/babel/locale/en/babel-english.tex
Package babel Info: Importing font and identification data for english
(babel)             from babel-en.ini. Reported on input line 11.
) (/Users/armanfeili/Library/TinyTeX/texmf-dist/tex/latex/base/inputenc.sty
Package: inputenc 2024/02/08 v1.3d Input encoding file
\inpenc@prehook=\toks33
\inpenc@posthook=\toks34
) (/Users/armanfeili/Library/TinyTeX/texmf-dist/tex/latex/hyperref/hyperref.sty
Package: hyperref 2024-11-05 v7.01l Hypertext links for LaTeX
 (/Users/armanfeili/Library/TinyTeX/texmf-dist/tex/latex/kvsetkeys/kvsetkeys.sty
Package: kvsetkeys 2022-10-05 v1.19 Key value parser (HO)
) (/Users/armanfeili/Library/TinyTeX/texmf-dist/tex/generic/kvdefinekeys/kvdefinekeys.sty
Package: kvdefinekeys 2019-12-19 v1.6 Define keys (HO)
) (/Users/armanfeili/Library/TinyTeX/texmf-dist/tex/generic/pdfescape/pdfescape.sty
Package: pdfescape 2019/12/09 v1.15 Implements pdfTeX's escape features (HO)
 (/Users/armanfeili/Library/TinyTeX/texmf-dist/tex/generic/ltxcmds/ltxcmds.sty
Package: ltxcmds 2023-12-04 v1.26 LaTeX kernel commands for general use (HO)
) (/Users/armanfeili/Library/TinyTeX/texmf-dist/tex/generic/pdftexcmds/pdftexcmds.sty
Package: pdftexcmds 2020-06-27 v0.33 Utility functions of pdfTeX for LuaTeX (HO)
 (/Users/armanfeili/Library/TinyTeX/texmf-dist/tex/generic/infwarerr/infwarerr.sty
Package: infwarerr 2019/12/03 v1.5 Providing info/warning/error messages (HO)
)
Package pdftexcmds Info: \pdf@primitive is available.
Package pdftexcmds Info: \pdf@ifprimitive is available.
Package pdftexcmds Info: \pdfdraftmode found.
)) (/Users/armanfeili/Library/TinyTeX/texmf-dist/tex/latex/hycolor/hycolor.sty
Package: hycolor 2020-01-27 v1.10 Color options for hyperref/bookmark (HO)
) (/Users/armanfeili/Library/TinyTeX/texmf-dist/tex/latex/hyperref/nameref.sty
Package: nameref 2023-11-26 v2.56 Cross-referencing by name of section
 (/Users/armanfeili/Library/TinyTeX/texmf-dist/tex/latex/refcount/refcount.sty
Package: refcount 2019/12/15 v3.6 Data extraction from label references (HO)
) (/Users/armanfeili/Library/TinyTeX/texmf-dist/tex/generic/gettitlestring/gettitlestring.sty
Package: gettitlestring 2019/12/15 v1.6 Cleanup title references (HO)
 (/Users/armanfeili/Library/TinyTeX/texmf-dist/tex/latex/kvoptions/kvoptions.sty
Package: kvoptions 2022-06-15 v3.15 Key value format for package options (HO)
))
\c@section@level=\count303
) (/Users/armanfeili/Library/TinyTeX/texmf-dist/tex/generic/stringenc/stringenc.sty
Package: stringenc 2019/11/29 v1.12 Convert strings between diff. encodings (HO)
)
\@linkdim=\dimen184
\Hy@linkcounter=\count304
\Hy@pagecounter=\count305
 (/Users/armanfeili/Library/TinyTeX/texmf-dist/tex/latex/hyperref/pd1enc.def
File: pd1enc.def 2024-11-05 v7.01l Hyperref: PDFDocEncoding definition (HO)
Now handling font encoding PD1 ...
... no UTF-8 mapping file for font encoding PD1
) (/Users/armanfeili/Library/TinyTeX/texmf-dist/tex/generic/intcalc/intcalc.sty
Package: intcalc 2019/12/15 v1.3 Expandable calculations with integers (HO)
)
\Hy@SavedSpaceFactor=\count306
 (/Users/armanfeili/Library/TinyTeX/texmf-dist/tex/latex/hyperref/puenc.def
File: puenc.def 2024-11-05 v7.01l Hyperref: PDF Unicode definition (HO)
Now handling font encoding PU ...
... no UTF-8 mapping file for font encoding PU
)
Package hyperref Info: Hyper figures OFF on input line 4157.
Package hyperref Info: Link nesting OFF on input line 4162.
Package hyperref Info: Hyper index ON on input line 4165.
Package hyperref Info: Plain pages OFF on input line 4172.
Package hyperref Info: Backreferencing OFF on input line 4177.
Package hyperref Info: Implicit mode ON; LaTeX internals redefined.
Package hyperref Info: Bookmarks ON on input line 4424.
\c@Hy@tempcnt=\count307
 (/Users/armanfeili/Library/TinyTeX/texmf-dist/tex/latex/url/url.sty
\Urlmuskip=\muskip18
Package: url 2013/09/16  ver 3.4  Verb mode for urls, etc.
)
LaTeX Info: Redefining \url on input line 4763.
\XeTeXLinkMargin=\dimen185
 (/Users/armanfeili/Library/TinyTeX/texmf-dist/tex/generic/bitset/bitset.sty
Package: bitset 2019/12/09 v1.3 Handle bit-vector datatype (HO)
 (/Users/armanfeili/Library/TinyTeX/texmf-dist/tex/generic/bigintcalc/bigintcalc.sty
Package: bigintcalc 2019/12/15 v1.5 Expandable calculations on big integers (HO)
))
\Fld@menulength=\count308
\Field@Width=\dimen186
\Fld@charsize=\dimen187
Package hyperref Info: Hyper figures OFF on input line 6042.
Package hyperref Info: Link nesting OFF on input line 6047.
Package hyperref Info: Hyper index ON on input line 6050.
Package hyperref Info: backreferencing OFF on input line 6057.
Package hyperref Info: Link coloring OFF on input line 6062.
Package hyperref Info: Link coloring with OCG OFF on input line 6067.
Package hyperref Info: PDF/A mode OFF on input line 6072.
 (/Users/armanfeili/Library/TinyTeX/texmf-dist/tex/latex/base/atbegshi-ltx.sty
Package: atbegshi-ltx 2021/01/10 v1.0c Emulation of the original atbegshi
package with kernel methods
)
\Hy@abspage=\count309
\c@Item=\count310
\c@Hfootnote=\count311
)
Package hyperref Info: Driver (autodetected): hpdftex.
 (/Users/armanfeili/Library/TinyTeX/texmf-dist/tex/latex/hyperref/hpdftex.def
File: hpdftex.def 2024-11-05 v7.01l Hyperref driver for pdfTeX
 (/Users/armanfeili/Library/TinyTeX/texmf-dist/tex/latex/base/atveryend-ltx.sty
Package: atveryend-ltx 2020/08/19 v1.0a Emulation of the original atveryend package
with kernel methods
)
\Fld@listcount=\count312
\c@bookmark@seq@number=\count313
 (/Users/armanfeili/Library/TinyTeX/texmf-dist/tex/latex/rerunfilecheck/rerunfilecheck.sty
Package: rerunfilecheck 2022-07-10 v1.10 Rerun checks for auxiliary files (HO)
 (/Users/armanfeili/Library/TinyTeX/texmf-dist/tex/generic/uniquecounter/uniquecounter.sty
Package: uniquecounter 2019/12/15 v1.4 Provide unlimited unique counter (HO)
)
Package uniquecounter Info: New unique counter `rerunfilecheck' on input line 285.
)
\Hy@SectionHShift=\skip70
) (/Users/armanfeili/Library/TinyTeX/texmf-dist/tex/latex/listings/listings.sty
\lst@mode=\count314
\lst@gtempboxa=\box55
\lst@token=\toks35
\lst@length=\count315
\lst@currlwidth=\dimen188
\lst@column=\count316
\lst@pos=\count317
\lst@lostspace=\dimen189
\lst@width=\dimen190
\lst@newlines=\count318
\lst@lineno=\count319
\lst@maxwidth=\dimen191
 (/Users/armanfeili/Library/TinyTeX/texmf-dist/tex/latex/listings/lstpatch.sty
File: lstpatch.sty 2024/09/23 1.10c (Carsten Heinz)
) (/Users/armanfeili/Library/TinyTeX/texmf-dist/tex/latex/listings/lstmisc.sty
File: lstmisc.sty 2024/09/23 1.10c (Carsten Heinz)
\c@lstnumber=\count320
\lst@skipnumbers=\count321
\lst@framebox=\box56
) (/Users/armanfeili/Library/TinyTeX/texmf-dist/tex/latex/listings/listings.cfg
File: listings.cfg 2024/09/23 1.10c listings configuration
))
Package: listings 2024/09/23 1.10c (Carsten Heinz)
 (/Users/armanfeili/Library/TinyTeX/texmf-dist/tex/latex/xcolor/xcolor.sty
Package: xcolor 2024/09/29 v3.02 LaTeX color extensions (UK)
 (/Users/armanfeili/Library/TinyTeX/texmf-dist/tex/latex/graphics-cfg/color.cfg
File: color.cfg 2016/01/02 v1.6 sample color configuration
)
Package xcolor Info: Driver file: pdftex.def on input line 274.
LaTeX Info: Redefining \color on input line 762.
 (/Users/armanfeili/Library/TinyTeX/texmf-dist/tex/latex/graphics/mathcolor.ltx)
Package xcolor Info: Model `cmy' substituted by `cmy0' on input line 1349.
Package xcolor Info: Model `hsb' substituted by `rgb' on input line 1353.
Package xcolor Info: Model `RGB' extended on input line 1365.
Package xcolor Info: Model `HTML' substituted by `rgb' on input line 1367.
Package xcolor Info: Model `Hsb' substituted by `hsb' on input line 1368.
Package xcolor Info: Model `tHsb' substituted by `hsb' on input line 1369.
Package xcolor Info: Model `HSB' substituted by `hsb' on input line 1370.
Package xcolor Info: Model `Gray' substituted by `gray' on input line 1371.
Package xcolor Info: Model `wave' substituted by `hsb' on input line 1372.
) (/Users/armanfeili/Library/TinyTeX/texmf-dist/tex/latex/pgf/frontendlayer/tikz.sty (/Users/armanfeili/Library/TinyTeX/texmf-dist/tex/latex/pgf/basiclayer/pgf.sty (/Users/armanfeili/Library/TinyTeX/texmf-dist/tex/latex/pgf/utilities/pgfrcs.sty (/Users/armanfeili/Library/TinyTeX/texmf-dist/tex/generic/pgf/utilities/pgfutil-common.tex
\pgfutil@everybye=\toks36
\pgfutil@tempdima=\dimen192
\pgfutil@tempdimb=\dimen193
) (/Users/armanfeili/Library/TinyTeX/texmf-dist/tex/generic/pgf/utilities/pgfutil-latex.def
\pgfutil@abb=\box57
) (/Users/armanfeili/Library/TinyTeX/texmf-dist/tex/generic/pgf/utilities/pgfrcs.code.tex (/Users/armanfeili/Library/TinyTeX/texmf-dist/tex/generic/pgf/pgf.revision.tex)
Package: pgfrcs 2023-01-15 v3.1.10 (3.1.10)
))
Package: pgf 2023-01-15 v3.1.10 (3.1.10)
 (/Users/armanfeili/Library/TinyTeX/texmf-dist/tex/latex/pgf/basiclayer/pgfcore.sty (/Users/armanfeili/Library/TinyTeX/texmf-dist/tex/latex/pgf/systemlayer/pgfsys.sty (/Users/armanfeili/Library/TinyTeX/texmf-dist/tex/generic/pgf/systemlayer/pgfsys.code.tex
Package: pgfsys 2023-01-15 v3.1.10 (3.1.10)
 (/Users/armanfeili/Library/TinyTeX/texmf-dist/tex/generic/pgf/utilities/pgfkeys.code.tex
\pgfkeys@pathtoks=\toks37
\pgfkeys@temptoks=\toks38
 (/Users/armanfeili/Library/TinyTeX/texmf-dist/tex/generic/pgf/utilities/pgfkeyslibraryfiltered.code.tex
\pgfkeys@tmptoks=\toks39
))
\pgf@x=\dimen194
\pgf@y=\dimen195
\pgf@xa=\dimen196
\pgf@ya=\dimen197
\pgf@xb=\dimen198
\pgf@yb=\dimen199
\pgf@xc=\dimen256
\pgf@yc=\dimen257
\pgf@xd=\dimen258
\pgf@yd=\dimen259
\w@pgf@writea=\write3
\r@pgf@reada=\read3
\c@pgf@counta=\count322
\c@pgf@countb=\count323
\c@pgf@countc=\count324
\c@pgf@countd=\count325
\t@pgf@toka=\toks40
\t@pgf@tokb=\toks41
\t@pgf@tokc=\toks42
\pgf@sys@id@count=\count326
 (/Users/armanfeili/Library/TinyTeX/texmf-dist/tex/generic/pgf/systemlayer/pgf.cfg
File: pgf.cfg 2023-01-15 v3.1.10 (3.1.10)
)
Driver file for pgf: pgfsys-pdftex.def
 (/Users/armanfeili/Library/TinyTeX/texmf-dist/tex/generic/pgf/systemlayer/pgfsys-pdftex.def
File: pgfsys-pdftex.def 2023-01-15 v3.1.10 (3.1.10)
 (/Users/armanfeili/Library/TinyTeX/texmf-dist/tex/generic/pgf/systemlayer/pgfsys-common-pdf.def
File: pgfsys-common-pdf.def 2023-01-15 v3.1.10 (3.1.10)
))) (/Users/armanfeili/Library/TinyTeX/texmf-dist/tex/generic/pgf/systemlayer/pgfsyssoftpath.code.tex
File: pgfsyssoftpath.code.tex 2023-01-15 v3.1.10 (3.1.10)
\pgfsyssoftpath@smallbuffer@items=\count327
\pgfsyssoftpath@bigbuffer@items=\count328
) (/Users/armanfeili/Library/TinyTeX/texmf-dist/tex/generic/pgf/systemlayer/pgfsysprotocol.code.tex
File: pgfsysprotocol.code.tex 2023-01-15 v3.1.10 (3.1.10)
)) (/Users/armanfeili/Library/TinyTeX/texmf-dist/tex/generic/pgf/basiclayer/pgfcore.code.tex
Package: pgfcore 2023-01-15 v3.1.10 (3.1.10)
 (/Users/armanfeili/Library/TinyTeX/texmf-dist/tex/generic/pgf/math/pgfmath.code.tex (/Users/armanfeili/Library/TinyTeX/texmf-dist/tex/generic/pgf/math/pgfmathutil.code.tex) (/Users/armanfeili/Library/TinyTeX/texmf-dist/tex/generic/pgf/math/pgfmathparser.code.tex
\pgfmath@dimen=\dimen260
\pgfmath@count=\count329
\pgfmath@box=\box58
\pgfmath@toks=\toks43
\pgfmath@stack@operand=\toks44
\pgfmath@stack@operation=\toks45
) (/Users/armanfeili/Library/TinyTeX/texmf-dist/tex/generic/pgf/math/pgfmathfunctions.code.tex) (/Users/armanfeili/Library/TinyTeX/texmf-dist/tex/generic/pgf/math/pgfmathfunctions.basic.code.tex) (/Users/armanfeili/Library/TinyTeX/texmf-dist/tex/generic/pgf/math/pgfmathfunctions.trigonometric.code.tex) (/Users/armanfeili/Library/TinyTeX/texmf-dist/tex/generic/pgf/math/pgfmathfunctions.random.code.tex) (/Users/armanfeili/Library/TinyTeX/texmf-dist/tex/generic/pgf/math/pgfmathfunctions.comparison.code.tex) (/Users/armanfeili/Library/TinyTeX/texmf-dist/tex/generic/pgf/math/pgfmathfunctions.base.code.tex) (/Users/armanfeili/Library/TinyTeX/texmf-dist/tex/generic/pgf/math/pgfmathfunctions.round.code.tex) (/Users/armanfeili/Library/TinyTeX/texmf-dist/tex/generic/pgf/math/pgfmathfunctions.misc.code.tex) (/Users/armanfeili/Library/TinyTeX/texmf-dist/tex/generic/pgf/math/pgfmathfunctions.integerarithmetics.code.tex) (/Users/armanfeili/Library/TinyTeX/texmf-dist/tex/generic/pgf/math/pgfmathcalc.code.tex) (/Users/armanfeili/Library/TinyTeX/texmf-dist/tex/generic/pgf/math/pgfmathfloat.code.tex
\c@pgfmathroundto@lastzeros=\count330
)) (/Users/armanfeili/Library/TinyTeX/texmf-dist/tex/generic/pgf/math/pgfint.code.tex) (/Users/armanfeili/Library/TinyTeX/texmf-dist/tex/generic/pgf/basiclayer/pgfcorepoints.code.tex
File: pgfcorepoints.code.tex 2023-01-15 v3.1.10 (3.1.10)
\pgf@picminx=\dimen261
\pgf@picmaxx=\dimen262
\pgf@picminy=\dimen263
\pgf@picmaxy=\dimen264
\pgf@pathminx=\dimen265
\pgf@pathmaxx=\dimen266
\pgf@pathminy=\dimen267
\pgf@pathmaxy=\dimen268
\pgf@xx=\dimen269
\pgf@xy=\dimen270
\pgf@yx=\dimen271
\pgf@yy=\dimen272
\pgf@zx=\dimen273
\pgf@zy=\dimen274
) (/Users/armanfeili/Library/TinyTeX/texmf-dist/tex/generic/pgf/basiclayer/pgfcorepathconstruct.code.tex
File: pgfcorepathconstruct.code.tex 2023-01-15 v3.1.10 (3.1.10)
\pgf@path@lastx=\dimen275
\pgf@path@lasty=\dimen276
) (/Users/armanfeili/Library/TinyTeX/texmf-dist/tex/generic/pgf/basiclayer/pgfcorepathusage.code.tex
File: pgfcorepathusage.code.tex 2023-01-15 v3.1.10 (3.1.10)
\pgf@shorten@end@additional=\dimen277
\pgf@shorten@start@additional=\dimen278
) (/Users/armanfeili/Library/TinyTeX/texmf-dist/tex/generic/pgf/basiclayer/pgfcorescopes.code.tex
File: pgfcorescopes.code.tex 2023-01-15 v3.1.10 (3.1.10)
\pgfpic=\box59
\pgf@hbox=\box60
\pgf@layerbox@main=\box61
\pgf@picture@serial@count=\count331
) (/Users/armanfeili/Library/TinyTeX/texmf-dist/tex/generic/pgf/basiclayer/pgfcoregraphicstate.code.tex
File: pgfcoregraphicstate.code.tex 2023-01-15 v3.1.10 (3.1.10)
\pgflinewidth=\dimen279
) (/Users/armanfeili/Library/TinyTeX/texmf-dist/tex/generic/pgf/basiclayer/pgfcoretransformations.code.tex
File: pgfcoretransformations.code.tex 2023-01-15 v3.1.10 (3.1.10)
\pgf@pt@x=\dimen280
\pgf@pt@y=\dimen281
\pgf@pt@temp=\dimen282
) (/Users/armanfeili/Library/TinyTeX/texmf-dist/tex/generic/pgf/basiclayer/pgfcorequick.code.tex
File: pgfcorequick.code.tex 2023-01-15 v3.1.10 (3.1.10)
) (/Users/armanfeili/Library/TinyTeX/texmf-dist/tex/generic/pgf/basiclayer/pgfcoreobjects.code.tex
File: pgfcoreobjects.code.tex 2023-01-15 v3.1.10 (3.1.10)
) (/Users/armanfeili/Library/TinyTeX/texmf-dist/tex/generic/pgf/basiclayer/pgfcorepathprocessing.code.tex
File: pgfcorepathprocessing.code.tex 2023-01-15 v3.1.10 (3.1.10)
) (/Users/armanfeili/Library/TinyTeX/texmf-dist/tex/generic/pgf/basiclayer/pgfcorearrows.code.tex
File: pgfcorearrows.code.tex 2023-01-15 v3.1.10 (3.1.10)
\pgfarrowsep=\dimen283
) (/Users/armanfeili/Library/TinyTeX/texmf-dist/tex/generic/pgf/basiclayer/pgfcoreshade.code.tex
File: pgfcoreshade.code.tex 2023-01-15 v3.1.10 (3.1.10)
\pgf@max=\dimen284
\pgf@sys@shading@range@num=\count332
\pgf@shadingcount=\count333
) (/Users/armanfeili/Library/TinyTeX/texmf-dist/tex/generic/pgf/basiclayer/pgfcoreimage.code.tex
File: pgfcoreimage.code.tex 2023-01-15 v3.1.10 (3.1.10)
) (/Users/armanfeili/Library/TinyTeX/texmf-dist/tex/generic/pgf/basiclayer/pgfcoreexternal.code.tex
File: pgfcoreexternal.code.tex 2023-01-15 v3.1.10 (3.1.10)
\pgfexternal@startupbox=\box62
) (/Users/armanfeili/Library/TinyTeX/texmf-dist/tex/generic/pgf/basiclayer/pgfcorelayers.code.tex
File: pgfcorelayers.code.tex 2023-01-15 v3.1.10 (3.1.10)
) (/Users/armanfeili/Library/TinyTeX/texmf-dist/tex/generic/pgf/basiclayer/pgfcoretransparency.code.tex
File: pgfcoretransparency.code.tex 2023-01-15 v3.1.10 (3.1.10)
) (/Users/armanfeili/Library/TinyTeX/texmf-dist/tex/generic/pgf/basiclayer/pgfcorepatterns.code.tex
File: pgfcorepatterns.code.tex 2023-01-15 v3.1.10 (3.1.10)
) (/Users/armanfeili/Library/TinyTeX/texmf-dist/tex/generic/pgf/basiclayer/pgfcorerdf.code.tex
File: pgfcorerdf.code.tex 2023-01-15 v3.1.10 (3.1.10)
))) (/Users/armanfeili/Library/TinyTeX/texmf-dist/tex/generic/pgf/modules/pgfmoduleshapes.code.tex
File: pgfmoduleshapes.code.tex 2023-01-15 v3.1.10 (3.1.10)
\pgfnodeparttextbox=\box63
) (/Users/armanfeili/Library/TinyTeX/texmf-dist/tex/generic/pgf/modules/pgfmoduleplot.code.tex
File: pgfmoduleplot.code.tex 2023-01-15 v3.1.10 (3.1.10)
) (/Users/armanfeili/Library/TinyTeX/texmf-dist/tex/latex/pgf/compatibility/pgfcomp-version-0-65.sty
Package: pgfcomp-version-0-65 2023-01-15 v3.1.10 (3.1.10)
\pgf@nodesepstart=\dimen285
\pgf@nodesepend=\dimen286
) (/Users/armanfeili/Library/TinyTeX/texmf-dist/tex/latex/pgf/compatibility/pgfcomp-version-1-18.sty
Package: pgfcomp-version-1-18 2023-01-15 v3.1.10 (3.1.10)
)) (/Users/armanfeili/Library/TinyTeX/texmf-dist/tex/latex/pgf/utilities/pgffor.sty (/Users/armanfeili/Library/TinyTeX/texmf-dist/tex/latex/pgf/utilities/pgfkeys.sty (/Users/armanfeili/Library/TinyTeX/texmf-dist/tex/generic/pgf/utilities/pgfkeys.code.tex)) (/Users/armanfeili/Library/TinyTeX/texmf-dist/tex/latex/pgf/math/pgfmath.sty (/Users/armanfeili/Library/TinyTeX/texmf-dist/tex/generic/pgf/math/pgfmath.code.tex)) (/Users/armanfeili/Library/TinyTeX/texmf-dist/tex/generic/pgf/utilities/pgffor.code.tex
Package: pgffor 2023-01-15 v3.1.10 (3.1.10)
\pgffor@iter=\dimen287
\pgffor@skip=\dimen288
\pgffor@stack=\toks46
\pgffor@toks=\toks47
)) (/Users/armanfeili/Library/TinyTeX/texmf-dist/tex/generic/pgf/frontendlayer/tikz/tikz.code.tex
Package: tikz 2023-01-15 v3.1.10 (3.1.10)
 (/Users/armanfeili/Library/TinyTeX/texmf-dist/tex/generic/pgf/libraries/pgflibraryplothandlers.code.tex
File: pgflibraryplothandlers.code.tex 2023-01-15 v3.1.10 (3.1.10)
\pgf@plot@mark@count=\count334
\pgfplotmarksize=\dimen289
)
\tikz@lastx=\dimen290
\tikz@lasty=\dimen291
\tikz@lastxsaved=\dimen292
\tikz@lastysaved=\dimen293
\tikz@lastmovetox=\dimen294
\tikz@lastmovetoy=\dimen295
\tikzleveldistance=\dimen296
\tikzsiblingdistance=\dimen297
\tikz@figbox=\box64
\tikz@figbox@bg=\box65
\tikz@tempbox=\box66
\tikz@tempbox@bg=\box67
\tikztreelevel=\count335
\tikznumberofchildren=\count336
\tikznumberofcurrentchild=\count337
\tikz@fig@count=\count338
 (/Users/armanfeili/Library/TinyTeX/texmf-dist/tex/generic/pgf/modules/pgfmodulematrix.code.tex
File: pgfmodulematrix.code.tex 2023-01-15 v3.1.10 (3.1.10)
\pgfmatrixcurrentrow=\count339
\pgfmatrixcurrentcolumn=\count340
\pgf@matrix@numberofcolumns=\count341
)
\tikz@expandcount=\count342
 (/Users/armanfeili/Library/TinyTeX/texmf-dist/tex/generic/pgf/frontendlayer/tikz/libraries/tikzlibrarytopaths.code.tex
File: tikzlibrarytopaths.code.tex 2023-01-15 v3.1.10 (3.1.10)
))) (/Users/armanfeili/Library/TinyTeX/texmf-dist/tex/generic/pgf/frontendlayer/tikz/libraries/tikzlibraryshapes.geometric.code.tex
File: tikzlibraryshapes.geometric.code.tex 2023-01-15 v3.1.10 (3.1.10)
 (/Users/armanfeili/Library/TinyTeX/texmf-dist/tex/generic/pgf/libraries/shapes/pgflibraryshapes.geometric.code.tex
File: pgflibraryshapes.geometric.code.tex 2023-01-15 v3.1.10 (3.1.10)
))
(/Users/armanfeili/Library/TinyTeX/texmf-dist/tex/generic/pgf/frontendlayer/tikz/libraries/tikzlibrarypositioning.code.tex
File: tikzlibrarypositioning.code.tex 2023-01-15 v3.1.10 (3.1.10)
) (/Users/armanfeili/Library/TinyTeX/texmf-dist/tex/latex/pgfplots/pgfplots.sty (/Users/armanfeili/Library/TinyTeX/texmf-dist/tex/generic/pgfplots/pgfplots.revision.tex)
Package: pgfplots 2021/05/15 v1.18.1 Data Visualization (1.18.1)
 (/Users/armanfeili/Library/TinyTeX/texmf-dist/tex/generic/pgfplots/pgfplots.code.tex (/Users/armanfeili/Library/TinyTeX/texmf-dist/tex/generic/pgfplots/pgfplotscore.code.tex
\t@pgfplots@toka=\toks48
\t@pgfplots@tokb=\toks49
\t@pgfplots@tokc=\toks50
\pgfplots@tmpa=\dimen298
\c@pgfplots@coordindex=\count343
\c@pgfplots@scanlineindex=\count344
 (/Users/armanfeili/Library/TinyTeX/texmf-dist/tex/generic/pgfplots/sys/pgfplotssysgeneric.code.tex)) (/Users/armanfeili/Library/TinyTeX/texmf-dist/tex/generic/pgfplots/libs/pgfplotslibrary.code.tex) (/Users/armanfeili/Library/TinyTeX/texmf-dist/tex/generic/pgfplots/oldpgfcompatib/pgfplotsoldpgfsupp_loader.code.tex (/Users/armanfeili/Library/TinyTeX/texmf-dist/tex/generic/pgf/libraries/pgflibraryfpu.code.tex)
Package pgfplots: loading complementary utilities for your pgf version...
\t@pgf@toka=\toks51
\t@pgf@tokb=\toks52
\t@pgf@tokc=\toks53
(/Users/armanfeili/Library/TinyTeX/texmf-dist/tex/generic/pgfplots/oldpgfcompatib/pgfplotsoldpgfsupp_pgfutil-common-lists.tex)) (/Users/armanfeili/Library/TinyTeX/texmf-dist/tex/generic/pgfplots/util/pgfplotsutil.code.tex (/Users/armanfeili/Library/TinyTeX/texmf-dist/tex/generic/pgfplots/liststructure/pgfplotsliststructure.code.tex) (/Users/armanfeili/Library/TinyTeX/texmf-dist/tex/generic/pgfplots/liststructure/pgfplotsliststructureext.code.tex) (/Users/armanfeili/Library/TinyTeX/texmf-dist/tex/generic/pgfplots/liststructure/pgfplotsarray.code.tex
\c@pgfplotsarray@tmp=\count345
) (/Users/armanfeili/Library/TinyTeX/texmf-dist/tex/generic/pgfplots/liststructure/pgfplotsmatrix.code.tex) (/Users/armanfeili/Library/TinyTeX/texmf-dist/tex/generic/pgfplots/numtable/pgfplotstableshared.code.tex
\c@pgfplotstable@counta=\count346
\t@pgfplotstable@a=\toks54
) (/Users/armanfeili/Library/TinyTeX/texmf-dist/tex/generic/pgfplots/liststructure/pgfplotsdeque.code.tex) (/Users/armanfeili/Library/TinyTeX/texmf-dist/tex/generic/pgfplots/util/pgfplotsbinary.code.tex (/Users/armanfeili/Library/TinyTeX/texmf-dist/tex/generic/pgfplots/util/pgfplotsbinary.data.code.tex)) (/Users/armanfeili/Library/TinyTeX/texmf-dist/tex/generic/pgfplots/util/pgfplotsutil.verb.code.tex) (/Users/armanfeili/Library/TinyTeX/texmf-dist/tex/generic/pgfplots/libs/pgflibrarypgfplots.surfshading.code.tex
\c@pgfplotslibrarysurf@no=\count347
 (/Users/armanfeili/Library/TinyTeX/texmf-dist/tex/generic/pgfplots/sys/pgflibrarypgfplots.surfshading.pgfsys-pdftex.def))) (/Users/armanfeili/Library/TinyTeX/texmf-dist/tex/generic/pgfplots/util/pgfplotscolormap.code.tex (/Users/armanfeili/Library/TinyTeX/texmf-dist/tex/generic/pgfplots/util/pgfplotscolor.code.tex)) (/Users/armanfeili/Library/TinyTeX/texmf-dist/tex/generic/pgfplots/pgfplotsstackedplots.code.tex) (/Users/armanfeili/Library/TinyTeX/texmf-dist/tex/generic/pgfplots/pgfplotsplothandlers.code.tex (/Users/armanfeili/Library/TinyTeX/texmf-dist/tex/generic/pgfplots/pgfplotsmeshplothandler.code.tex (/Users/armanfeili/Library/TinyTeX/texmf-dist/tex/generic/pgfplots/pgfplotsmeshplotimage.code.tex))) (/Users/armanfeili/Library/TinyTeX/texmf-dist/tex/generic/pgfplots/pgfplots.scaling.code.tex) (/Users/armanfeili/Library/TinyTeX/texmf-dist/tex/generic/pgfplots/pgfplotscoordprocessing.code.tex) (/Users/armanfeili/Library/TinyTeX/texmf-dist/tex/generic/pgfplots/pgfplots.errorbars.code.tex) (/Users/armanfeili/Library/TinyTeX/texmf-dist/tex/generic/pgfplots/pgfplots.markers.code.tex) (/Users/armanfeili/Library/TinyTeX/texmf-dist/tex/generic/pgfplots/pgfplotsticks.code.tex) (/Users/armanfeili/Library/TinyTeX/texmf-dist/tex/generic/pgfplots/pgfplots.paths.code.tex) (/Users/armanfeili/Library/TinyTeX/texmf-dist/tex/generic/pgf/frontendlayer/tikz/libraries/tikzlibrarydecorations.code.tex (/Users/armanfeili/Library/TinyTeX/texmf-dist/tex/generic/pgf/modules/pgfmoduledecorations.code.tex
\pgfdecoratedcompleteddistance=\dimen299
\pgfdecoratedremainingdistance=\dimen300
\pgfdecoratedinputsegmentcompleteddistance=\dimen301
\pgfdecoratedinputsegmentremainingdistance=\dimen302
\pgf@decorate@distancetomove=\dimen303
\pgf@decorate@repeatstate=\count348
\pgfdecorationsegmentamplitude=\dimen304
\pgfdecorationsegmentlength=\dimen305
)
\tikz@lib@dec@box=\box68
) (/Users/armanfeili/Library/TinyTeX/texmf-dist/tex/generic/pgf/frontendlayer/tikz/libraries/tikzlibrarydecorations.pathmorphing.code.tex (/Users/armanfeili/Library/TinyTeX/texmf-dist/tex/generic/pgf/libraries/decorations/pgflibrarydecorations.pathmorphing.code.tex)) (/Users/armanfeili/Library/TinyTeX/texmf-dist/tex/generic/pgf/frontendlayer/tikz/libraries/tikzlibrarydecorations.pathreplacing.code.tex (/Users/armanfeili/Library/TinyTeX/texmf-dist/tex/generic/pgf/libraries/decorations/pgflibrarydecorations.pathreplacing.code.tex)) (/Users/armanfeili/Library/TinyTeX/texmf-dist/tex/generic/pgfplots/libs/tikzlibrarypgfplots.contourlua.code.tex)
\pgfplots@numplots=\count349
\pgfplots@xmin@reg=\dimen306
\pgfplots@xmax@reg=\dimen307
\pgfplots@ymin@reg=\dimen308
\pgfplots@ymax@reg=\dimen309
\pgfplots@zmin@reg=\dimen310
\pgfplots@zmax@reg=\dimen311
) (/Users/armanfeili/Library/TinyTeX/texmf-dist/tex/generic/pgf/frontendlayer/tikz/libraries/tikzlibraryplotmarks.code.tex
File: tikzlibraryplotmarks.code.tex 2023-01-15 v3.1.10 (3.1.10)
 (/Users/armanfeili/Library/TinyTeX/texmf-dist/tex/generic/pgf/libraries/pgflibraryplotmarks.code.tex
File: pgflibraryplotmarks.code.tex 2023-01-15 v3.1.10 (3.1.10)
))) (/Users/armanfeili/Library/TinyTeX/texmf-dist/tex/latex/algorithms/algorithm.sty
Package: algorithm 2009/08/24 v0.1 Document Style `algorithm' - floating environment
 (/Users/armanfeili/Library/TinyTeX/texmf-dist/tex/latex/float/float.sty
Package: float 2001/11/08 v1.3d Float enhancements (AL)
\c@float@type=\count350
\float@exts=\toks55
\float@box=\box69
\@float@everytoks=\toks56
\@floatcapt=\box70
) (/Users/armanfeili/Library/TinyTeX/texmf-dist/tex/latex/base/ifthen.sty
Package: ifthen 2024/03/16 v1.1e Standard LaTeX ifthen package (DPC)
)
\@float@every@algorithm=\toks57
\c@algorithm=\count351
) (/Users/armanfeili/Library/TinyTeX/texmf-dist/tex/latex/algorithms/algorithmic.sty
Package: algorithmic 2009/08/24 v0.1 Document Style `algorithmic'
\c@ALC@unique=\count352
\c@ALC@line=\count353
\c@ALC@rem=\count354
\c@ALC@depth=\count355
\ALC@tlm=\skip71
\algorithmicindent=\skip72
) (/Users/armanfeili/Library/TinyTeX/texmf-dist/tex/latex/tools/tabularx.sty
Package: tabularx 2023/12/11 v2.12a `tabularx' package (DPC)
 (/Users/armanfeili/Library/TinyTeX/texmf-dist/tex/latex/tools/array.sty
Package: array 2024/10/17 v2.6g Tabular extension package (FMi)
\col@sep=\dimen312
\ar@mcellbox=\box71
\extrarowheight=\dimen313
\NC@list=\toks58
\extratabsurround=\skip73
\backup@length=\skip74
\ar@cellbox=\box72
)
\TX@col@width=\dimen314
\TX@old@table=\dimen315
\TX@old@col=\dimen316
\TX@target=\dimen317
\TX@delta=\dimen318
\TX@cols=\count356
\TX@ftn=\toks59
) (/Users/armanfeili/Library/TinyTeX/texmf-dist/tex/latex/tools/longtable.sty
Package: longtable 2024-10-27 v4.22 Multi-page Table package (DPC)
\LTleft=\skip75
\LTright=\skip76
\LTpre=\skip77
\LTpost=\skip78
\LTchunksize=\count357
\LTcapwidth=\dimen319
\LT@head=\box73
\LT@firsthead=\box74
\LT@foot=\box75
\LT@lastfoot=\box76
\LT@gbox=\box77
\LT@cols=\count358
\LT@rows=\count359
\c@LT@tables=\count360
\c@LT@chunks=\count361
\LT@p@ftn=\toks60
) (/Users/armanfeili/Library/TinyTeX/texmf-dist/tex/latex/amsfonts/amssymb.sty
Package: amssymb 2013/01/14 v3.01 AMS font symbols
 (/Users/armanfeili/Library/TinyTeX/texmf-dist/tex/latex/amsfonts/amsfonts.sty
Package: amsfonts 2013/01/14 v3.01 Basic AMSFonts support
\symAMSa=\mathgroup4
\symAMSb=\mathgroup5
LaTeX Font Info:    Redeclaring math symbol \hbar on input line 98.
LaTeX Font Info:    Overwriting math alphabet `\mathfrak' in version `bold'
(Font)                  U/euf/m/n --> U/euf/b/n on input line 106.
)) (/Users/armanfeili/Library/TinyTeX/texmf-dist/tex/latex/caption/subcaption.sty
Package: subcaption 2023/07/28 v1.6b Sub-captions (AR)
Package caption Info: New subtype `subfigure' on input line 238.
\c@subfigure=\count362
Package caption Info: New subtype `subtable' on input line 238.
\c@subtable=\count363
) (/Users/armanfeili/Library/TinyTeX/texmf-dist/tex/latex/csquotes/csquotes.sty
Package: csquotes 2024-04-04 v5.2o context-sensitive quotations (JAW)
\csq@reset=\count364
\csq@gtype=\count365
\csq@glevel=\count366
\csq@qlevel=\count367
\csq@maxlvl=\count368
\csq@tshold=\count369
\csq@ltx@everypar=\toks61
 (/Users/armanfeili/Library/TinyTeX/texmf-dist/tex/latex/csquotes/csquotes.def
File: csquotes.def 2024-04-04 v5.2o csquotes generic definitions (JAW)
)
Package csquotes Info: Trying to load configuration file 'csquotes.cfg'...
Package csquotes Info: ... configuration file loaded successfully.
 (/Users/armanfeili/Library/TinyTeX/texmf-dist/tex/latex/csquotes/csquotes.cfg
File: csquotes.cfg 
))
Package hyperref Info: Option `colorlinks' set `true' on input line 230.
 (/Users/armanfeili/Library/TinyTeX/texmf-dist/tex/latex/listings/lstlang1.sty
File: lstlang1.sty 2024/09/23 1.10c listings language file
)
Package csquotes Info: Checking for multilingual support...
Package csquotes Info: ... found 'babel' package.
Package csquotes Info: Adjusting default style.
Package csquotes Info: Redefining alias 'default' -> 'english'.
LaTeX Font Info:    Trying to load font information for T1+lmr on input line 389.
 (/Users/armanfeili/Library/TinyTeX/texmf-dist/tex/latex/lm/t1lmr.fd
File: t1lmr.fd 2015/05/01 v1.6.1 Font defs for Latin Modern
) (/Users/armanfeili/Library/TinyTeX/texmf-dist/tex/latex/l3backend/l3backend-pdftex.def
File: l3backend-pdftex.def 2024-05-08 L3 backend support: PDF output (pdfTeX)
\l__color_backend_stack_int=\count370
\l__pdf_internal_box=\box78
) (./sapthesis-doc.aux

LaTeX Warning: Label `subsec:pipeline-stages' multiply defined.


LaTeX Warning: Label `subsec:output-guard' multiply defined.

)
\openout1 = `sapthesis-doc.aux'.

LaTeX Font Info:    Checking defaults for OML/cmm/m/it on input line 389.
LaTeX Font Info:    ... okay on input line 389.
LaTeX Font Info:    Checking defaults for OMS/cmsy/m/n on input line 389.
LaTeX Font Info:    ... okay on input line 389.
LaTeX Font Info:    Checking defaults for OT1/cmr/m/n on input line 389.
LaTeX Font Info:    ... okay on input line 389.
LaTeX Font Info:    Checking defaults for T1/cmr/m/n on input line 389.
LaTeX Font Info:    ... okay on input line 389.
LaTeX Font Info:    Checking defaults for TS1/cmr/m/n on input line 389.
LaTeX Font Info:    ... okay on input line 389.
LaTeX Font Info:    Checking defaults for OMX/cmex/m/n on input line 389.
LaTeX Font Info:    ... okay on input line 389.
LaTeX Font Info:    Checking defaults for U/cmr/m/n on input line 389.
LaTeX Font Info:    ... okay on input line 389.
LaTeX Font Info:    Checking defaults for PD1/pdf/m/n on input line 389.
LaTeX Font Info:    ... okay on input line 389.
LaTeX Font Info:    Checking defaults for PU/pdf/m/n on input line 389.
LaTeX Font Info:    ... okay on input line 389.

*geometry* driver: auto-detecting
*geometry* detected driver: pdftex
*geometry* verbose mode - [ preamble ] result:
* driver: pdftex
* paper: a4paper
* layout: <same size as paper>
* layoutoffset:(h,v)=(0.0pt,0.0pt)
* hratio: 55:89
* vratio: 55:89
* bindingoffset: 17.07182pt
* modes: includehead twoside heightrounded 
* h-part:(L,W,R)=(70.44357pt, 396.0pt, 113.99248pt)
* v-part:(T,H,B)=(65.75981pt, 672.8738pt, 106.41324pt)
* \paperwidth=597.50787pt
* \paperheight=845.04684pt
* \textwidth=396.0pt
* \textheight=636.60028pt
* \oddsidemargin=15.2454pt
* \evensidemargin=41.72249pt
* \topmargin=-6.51018pt
* \headheight=12.0pt
* \headsep=19.8738pt
* \topskip=11.0pt
* \footskip=27.46295pt
* \marginparwidth=72.0pt
* \marginparsep=12.0pt
* \columnsep=10.0pt
* \skip\footins=10.0pt plus 4.0pt minus 2.0pt
* \hoffset=0.0pt
* \voffset=0.0pt
* \mag=1000
* \@twocolumnfalse
* \@twosidetrue
* \@mparswitchtrue
* \@reversemarginfalse
* (1in=72.27pt=25.4mm, 1cm=28.453pt)

Package caption Info: Begin \AtBeginDocument code.
Package caption Info: float package is loaded.
Package caption Info: hyperref package is loaded.
Package caption Info: listings package is loaded.
Package caption Info: longtable package is loaded.
(/Users/armanfeili/Library/TinyTeX/texmf-dist/tex/latex/caption/ltcaption.sty
Package: ltcaption 2021/01/08 v1.4c longtable captions (AR)
)
Package caption Info: End \AtBeginDocument code.
 (/Users/armanfeili/Library/TinyTeX/texmf-dist/tex/latex/epstopdf-pkg/epstopdf-base.sty
Package: epstopdf-base 2020-01-24 v2.11 Base part for package epstopdf
Package epstopdf-base Info: Redefining graphics rule for `.eps' on input line 485.
 (/Users/armanfeili/Library/TinyTeX/texmf-dist/tex/latex/latexconfig/epstopdf-sys.cfg
File: epstopdf-sys.cfg 2010/07/13 v1.3 Configuration of (r)epstopdf for TeX Live
))
LaTeX Info: Redefining \textsubscript on input line 389.
LaTeX Info: Redefining \microtypecontext on input line 389.
Package microtype Info: Applying patch `item' on input line 389.
Package microtype Info: Applying patch `toc' on input line 389.
Package microtype Info: Applying patch `eqnum' on input line 389.
Package microtype Info: Applying patch `footnote' on input line 389.
Package microtype Info: Applying patch `verbatim' on input line 389.
LaTeX Info: Redefining \microtypesetup on input line 389.
Package microtype Info: Generating PDF output.
Package microtype Info: Character protrusion enabled (level 2).
Package microtype Info: Using default protrusion set `alltext'.
Package microtype Info: Automatic font expansion enabled (level 2),
(microtype)             stretch: 20, shrink: 20, step: 1, non-selected.
Package microtype Info: Using default expansion set `alltext-nott'.
LaTeX Info: Redefining \showhyphens on input line 389.
Package microtype Info: No adjustment of tracking.
Package microtype Info: No adjustment of interword spacing.
Package microtype Info: No adjustment of character kerning.
 (/Users/armanfeili/Library/TinyTeX/texmf-dist/tex/latex/microtype/mt-cmr.cfg
File: mt-cmr.cfg 2013/05/19 v2.2 microtype config. file: Computer Modern Roman (RS)
)
Package hyperref Info: Link coloring ON on input line 389.
 (./sapthesis-doc.out) (./sapthesis-doc.out)
\@outlinefile=\write4
\openout4 = `sapthesis-doc.out'.

\c@lstlisting=\count371

Package pgfplots notification 'compat/show suggested version=true': document has been generated with the most recent feature set (\pgfplotsset{compat=1.18}).

\SAP@parboxindent=\skip79
\SAP@parboxwidth=\skip80
LaTeX Font Info:    Trying to load font information for T1+lmss on input line 394.
(/Users/armanfeili/Library/TinyTeX/texmf-dist/tex/latex/lm/t1lmss.fd
File: t1lmss.fd 2015/05/01 v1.6.1 Font defs for Latin Modern
)
Package microtype Info: Loading generic protrusion settings for font family
(microtype)             `lmss' (encoding: T1).
(microtype)             For optimal results, create family-specific settings.
(microtype)             See the microtype manual for details.
<sapienzalogo.pdf, id=2507, 288.07625pt x 89.33376pt>
File: sapienzalogo.pdf Graphic file (type pdf)
<use sapienzalogo.pdf>
Package pdftex.def Info: sapienzalogo.pdf  used on input line 394.
(pdftex.def)             Requested size: 142.26378pt x 44.11742pt.


[1



{/Users/armanfeili/Library/TinyTeX/texmf-var/fonts/map/pdftex/updmap/pdftex.map}{/Users/armanfeili/Library/TinyTeX/texmf-dist/fonts/enc/dvips/lm/lm-ec.enc} <./sapienzalogo.pdf>]
LaTeX Font Info:    Trying to load font information for TS1+lmr on input line 394.
 (/Users/armanfeili/Library/TinyTeX/texmf-dist/tex/latex/lm/ts1lmr.fd
File: ts1lmr.fd 2015/05/01 v1.6.1 Font defs for Latin Modern
)
Underfull \hbox (badness 10000) in paragraph at lines 394--394

 []

LaTeX Font Info:    Trying to load font information for OT1+lmr on input line 394.
(/Users/armanfeili/Library/TinyTeX/texmf-dist/tex/latex/lm/ot1lmr.fd
File: ot1lmr.fd 2015/05/01 v1.6.1 Font defs for Latin Modern
)
LaTeX Font Info:    Trying to load font information for OML+lmm on input line 394.
 (/Users/armanfeili/Library/TinyTeX/texmf-dist/tex/latex/lm/omllmm.fd
File: omllmm.fd 2015/05/01 v1.6.1 Font defs for Latin Modern
)
LaTeX Font Info:    Trying to load font information for OMS+lmsy on input line 394.
 (/Users/armanfeili/Library/TinyTeX/texmf-dist/tex/latex/lm/omslmsy.fd
File: omslmsy.fd 2015/05/01 v1.6.1 Font defs for Latin Modern
)
LaTeX Font Info:    Trying to load font information for OMX+lmex on input line 394.
 (/Users/armanfeili/Library/TinyTeX/texmf-dist/tex/latex/lm/omxlmex.fd
File: omxlmex.fd 2015/05/01 v1.6.1 Font defs for Latin Modern
)
LaTeX Font Info:    External font `lmex10' loaded for size
(Font)              <10> on input line 394.
LaTeX Font Info:    External font `lmex10' loaded for size
(Font)              <7> on input line 394.
LaTeX Font Info:    External font `lmex10' loaded for size
(Font)              <5> on input line 394.
LaTeX Font Info:    Trying to load font information for U+msa on input line 394.
 (/Users/armanfeili/Library/TinyTeX/texmf-dist/tex/latex/amsfonts/umsa.fd
File: umsa.fd 2013/01/14 v3.01 AMS symbols A
) (/Users/armanfeili/Library/TinyTeX/texmf-dist/tex/latex/microtype/mt-msa.cfg
File: mt-msa.cfg 2006/02/04 v1.1 microtype config. file: AMS symbols (a) (RS)
)
LaTeX Font Info:    Trying to load font information for U+msb on input line 394.
 (/Users/armanfeili/Library/TinyTeX/texmf-dist/tex/latex/amsfonts/umsb.fd
File: umsb.fd 2013/01/14 v3.01 AMS symbols B
) (/Users/armanfeili/Library/TinyTeX/texmf-dist/tex/latex/microtype/mt-msb.cfg
File: mt-msb.cfg 2005/06/01 v1.0 microtype config. file: AMS symbols (b) (RS)
)
Underfull \hbox (badness 10000) in paragraph at lines 394--394

 []



[2

{/Users/armanfeili/Library/TinyTeX/texmf-dist/fonts/enc/dvips/lm/lm-ts1.enc}]

[3


]

[4

] (./sapthesis-doc.toc
LaTeX Font Info:    External font `lmex10' loaded for size
(Font)              <10.95> on input line 3.
LaTeX Font Info:    External font `lmex10' loaded for size
(Font)              <8> on input line 3.
LaTeX Font Info:    External font `lmex10' loaded for size
(Font)              <6> on input line 3.


[5]

[6]

[7]

[8]

[9]

[10]
LaTeX Font Info:    Trying to load font information for T1+lmtt on input line 674.
 (/Users/armanfeili/Library/TinyTeX/texmf-dist/tex/latex/lm/t1lmtt.fd
File: t1lmtt.fd 2015/05/01 v1.6.1 Font defs for Latin Modern
)
Package microtype Info: Loading generic protrusion settings for font family
(microtype)             `lmtt' (encoding: T1).
(microtype)             For optimal results, create family-specific settings.
(microtype)             See the microtype manual for details.


[11]

[12]

[13]

[14]

[15]

[16]

[17])
\tf@toc=\write5
\openout5 = `sapthesis-doc.toc'.



[18]
Chapter 1.


[1


]

[2]

[3]

[4]

[5]

[6]

[7]
Overfull \hbox (26.5085pt too wide) in paragraph at lines 741--742
[]\T1/lmr/m/n/10.95 (-20) Progress events (\T1/lmtt/m/n/10.95 agent_run_started\T1/lmr/m/n/10.95 (-20) , \T1/lmtt/m/n/10.95 orchestrator_init\T1/lmr/m/n/10.95 (-20) , \T1/lmtt/m/n/10.95 orchestration_start\T1/lmr/m/n/10.95 (-20) ,
 []



[8]

[9]

[10]

[11]

[12]

[13]

[14]
Overfull \hbox (29.36517pt too wide) in paragraph at lines 1007--1008
 []\T1/lmr/bx/n/10.95 (-20) Configuration Iso-la-tion:[] \T1/lmr/m/n/10.95 (-20) Dif-fer-ent ten-ants may re-quire dif-fer-ent de-fault configurations---
 []



[15]
Overfull \hbox (6.50949pt too wide) in paragraph at lines 1050--1051
 []\T1/lmr/bx/n/10.95 (-20) Graceful Degra-da-tion:[] \T1/lmr/m/n/10.95 (-20) Com-po-nent fail-ures (database un-avail-abil-ity, LLM provider
 []



[16]

[17]
Overfull \hbox (48.76178pt too wide) in paragraph at lines 1116--1128
 [][] 
 []



[18]

[19{/Users/armanfeili/Library/TinyTeX/texmf-dist/fonts/enc/dvips/lm/lm-mathit.enc}]

[20]

[21]

[22]

[23]

[24]

[25]

[26]

[27]

[28]
Overfull \hbox (10.38911pt too wide) in paragraph at lines 1581--1582
\T1/lmr/m/n/10.95 (-20) through-out this the-sis re-fer to com-mit \T1/lmtt/m/n/10.95 9b3e4c19a7853cc003e4ea094317255f7401e554
 []



[29]

[30]

[31]
Overfull \hbox (51.23105pt too wide) in paragraph at lines 1689--1690
[]\T1/lmr/m/n/10.95 (-20) Progress events: \T1/lmtt/m/n/10.95 agent_run_started\T1/lmr/m/n/10.95 (-20) , \T1/lmtt/m/n/10.95 orchestrator_init\T1/lmr/m/n/10.95 (-20) , \T1/lmtt/m/n/10.95 orchestration_start\T1/lmr/m/n/10.95 (-20) ,
 []



[32]

[33]

[34]

[35]
Overfull \hbox (9.14761pt too wide) in paragraph at lines 1829--1830
[]\T1/lmr/m/n/10.95 (-20) Summary of
 []



[36]

[37]

[38

]
Chapter 2.


[39]

[40]

[41]

[42]

[43]

[44]

[45]

[46]

[47]

[48]

[49]

[50]

[51]

[52]
Overfull \hbox (0.88676pt too wide) in paragraph at lines 2373--2374
[]\T1/lmr/bx/n/10.95 (-20) LangChain \T1/lmr/m/n/10.95 (-20) and \T1/lmr/bx/n/10.95 (-20) Lla-maIn-dex \T1/lmr/m/n/10.95 (-20) pri-mar-ily pro-vide \T1/lmr/m/it/10.95 (-20) in-process com-po-nents \T1/lmr/m/n/10.95 (-20) (chains,
 []



[53]

[54{/Users/armanfeili/Library/TinyTeX/texmf-dist/fonts/enc/dvips/lm/lm-mathsy.enc}]

[55]

[56]

[57]
Package hyperref Info: bookmark level for unknown lstlisting defaults to 0 on input line 2605.


[58]

[59]

[60]

[61]

[62]

[63{/Users/armanfeili/Library/TinyTeX/texmf-dist/fonts/enc/dvips/lm/lm-rm.enc}] (/Users/armanfeili/Library/TinyTeX/texmf-dist/tex/latex/listings/lstlang1.sty
File: lstlang1.sty 2024/09/23 1.10c listings language file
)

[64]
Overfull \hbox (25.79903pt too wide) in paragraph at lines 2909--2910
\T1/lmr/m/n/10.95 (-20) com-po-nents (\T1/lmtt/m/n/10.95 GraphCypherQAChain\T1/lmr/m/n/10.95 (-20) ) and Lla-maIn-dex in-te-gra-tion (\T1/lmtt/m/n/10.95 KnowledgeGraphIndex\T1/lmr/m/n/10.95 (-20) ). 
 []



[65]

[66]

[67]

[68]

[69]
Overfull \hbox (8.41797pt too wide) in paragraph at lines 3126--3127
[]\T1/lmr/bx/n/10.95 (-20) Document in-ges-tion\T1/lmr/m/n/10.95 (-20) : Load-ing doc-u-ments from var-i-ous sources (files, databases,
 []



[70]

[71]

[72]

[73]

[74]

[75]

[76]

[77]

[78]

[79]

[80]

[81]

[82]

[83]

[84]

[85]

[86]

[87]

[88]

[89]

[90]

[91]

[92

]
Chapter 3.


[93]

[94]
Underfull \hbox (badness 4096) in paragraph at lines 4263--4263
[]|\T1/lmr/m/n/10 (+20) The sys-tem shall in-voke tools by dot-ted name (e.g.,
 []


Underfull \hbox (badness 5787) in paragraph at lines 4339--4339
[]|\T1/lmr/m/n/10 (+20) The sys-tem shall sup-port con-fig-urable job types via
 []


Underfull \hbox (badness 10000) in paragraph at lines 4339--4339
[]|\T1/lmr/m/n/10 (+20) The \T1/lmtt/m/n/10 agent.run \T1/lmr/m/n/10 (+20) job type shall emit progress
 []


Underfull \hbox (badness 10000) in paragraph at lines 4339--4339
\T1/lmr/m/n/10 (+20) events (\T1/lmtt/m/n/10 agent_run_started\T1/lmr/m/n/10 (+20) , \T1/lmtt/m/n/10 orchestrator_init\T1/lmr/m/n/10 (+20) ,
 []


Underfull \hbox (badness 1533) in paragraph at lines 4339--4339
\T1/lmtt/m/n/10 orchestration_start\T1/lmr/m/n/10 (+20) , \T1/lmtt/m/n/10 orchestration_complete\T1/lmr/m/n/10 (+20) ) for real-
 []



[95]

[96]

[97]

[98]
Underfull \hbox (badness 3919) in paragraph at lines 4521--4521
[]|\T1/lmr/m/n/10 (+20) The sys-tem shall sup-port con-fig-urable RBAC scopes
 []


Underfull \hbox (badness 5147) in paragraph at lines 4521--4521
\T1/lmr/m/n/10 (+20) in-clud-ing: \T1/lmtt/m/n/10 user:me\T1/lmr/m/n/10 (+20) , \T1/lmtt/m/n/10 admin:all\T1/lmr/m/n/10 (+20) , \T1/lmtt/m/n/10 tools:invoke:basic\T1/lmr/m/n/10 (+20) ,
 []


Underfull \hbox (badness 1292) in paragraph at lines 4559--4560
[]|\T1/lmr/m/n/10 (+20) Execute write Cypher queries (CRE-ATE,
 []



[99]

[100]

[101]

[102]

[103]
Underfull \hbox (badness 1033) in paragraph at lines 4597--4597
[]|\T1/lmr/m/n/10 (+20) All database queries shall be au-to-mat-i-cally scoped by
 []



[104]

[105]

[106]

[107]

[108]

[109]
Underfull \hbox (badness 10000) in paragraph at lines 4934--4934
[]|\T1/lmr/m/n/10 (+20) IC-
 []


Underfull \hbox (badness 10000) in paragraph at lines 4934--4934
[]|\T1/lmr/m/n/10 (+20) Architecture must be
 []


Underfull \hbox (badness 10000) in paragraph at lines 4934--4934
\T1/lmr/m/n/10 (+20) container-native with 12-
 []


Underfull \hbox (badness 10000) in paragraph at lines 4934--4934
[]|\T1/lmr/m/n/10 (+20) IC-
 []


Underfull \hbox (badness 10000) in paragraph at lines 4934--4934
[]|\T1/lmr/m/n/10 (+20) IC-
 []


Underfull \hbox (badness 7238) in paragraph at lines 4934--4934
[]|\T1/lmr/m/n/10 (+20) LLM provider in-te-gra-tion
 []


Underfull \hbox (badness 10000) in paragraph at lines 4934--4934
[]|\T1/lmr/m/n/10 (+20) IC-
 []


Underfull \hbox (badness 10000) in paragraph at lines 4934--4934
[]|\T1/lmr/m/n/10 (+20) IC-
 []


Underfull \hbox (badness 10000) in paragraph at lines 4934--4934
[]|\T1/lmr/m/n/10 (+20) IC-
 []


Underfull \hbox (badness 1946) in paragraph at lines 4968--4968
[]|\T1/lmr/m/n/10 (+20) Ecosystem com-pat-i-bil-ity (ML/AI li-
 []



[110]

[111]
Underfull \hbox (badness 1546) in paragraph at lines 5013--5014
[]|\T1/lmr/m/n/10 (+20) Tenant data dele-tion API, cas-cade
 []


Underfull \hbox (badness 2653) in paragraph at lines 5015--5016
[]|\T1/lmr/m/n/10 (+20) Audit log with pro-cess-ing ac-tiv-ity
 []



[112]
Underfull \hbox (badness 1033) in paragraph at lines 5085--5085
[]|\T1/lmr/m/n/10 (+20) Clock syn-chro-niza-tion (NTP) is main-tained
 []


Underfull \hbox (badness 2150) in paragraph at lines 5085--5085
[]|\T1/lmr/m/n/10 (+20) JWT ex-pi-ra-tion val-i-da-tion
 []



[113]

[114]

[115]

[116]
Underfull \hbox (badness 2846) in paragraph at lines 5215--5216
[]|\T1/lmr/m/n/10 (+20) OIDC/JWT val-i-da-tion, to-ken ex-pi-ra-tion,
 []



[117]
Underfull \hbox (badness 10000) in paragraph at lines 5297--5297
[]|\T1/lmr/bx/n/10 (+20) Extension
 []


Underfull \hbox (badness 10000) in paragraph at lines 5297--5297
[]|\T1/lmr/m/n/10 (+20) Module cre-ation at $\T1/lmtt/m/n/10 src / mcp / tools /
 []


Underfull \hbox (badness 10000) in paragraph at lines 5297--5297
[]|\T1/lmr/m/n/10 (+20) Low (1 file, auto-
 []


Underfull \hbox (badness 10000) in paragraph at lines 5297--5297
[]|\T1/lmr/m/n/10 (+20) New LLM
 []


Underfull \hbox (badness 10000) in paragraph at lines 5297--5297
[]|\T1/lmr/m/n/10 (+20) New Back-
 []


Underfull \hbox (badness 10000) in paragraph at lines 5297--5297
[]|\T1/lmr/m/n/10 (+20) New Health
 []


Underfull \hbox (badness 10000) in paragraph at lines 5297--5297
[]|\T1/lmr/m/n/10 (+20) Registration in $\T1/lmtt/m/n/10 src / observability /
 []



[118]

[119]

[120]
Overfull \hbox (7.33047pt too wide) in paragraph at lines 5418--5419
[]\T1/lmr/m/n/10.95 (-20) Production de-ploy-ment re-quires mon-i-tor-ing, alert-
 []



[121]

[122]
Overfull \hbox (18.4507pt too wide) in paragraph at lines 5534--5557
 [][] 
 []


Underfull \hbox (badness 1616) in paragraph at lines 5618--5618
[]|\T1/lmr/m/n/10 (+20) 100% tools have
 []


Underfull \hbox (badness 10000) in paragraph at lines 5618--5618
\T1/lmr/m/n/10 (+20) valid JSON
 []


Underfull \hbox (badness 4036) in paragraph at lines 5618--5618
[]|\T1/lmr/m/n/10 (+20) All state tran-si-
 []


Underfull \hbox (badness 10000) in paragraph at lines 5618--5618
[]|\T1/lmr/m/n/10 (+20) Events de-liv-ered
 []



[123]

[124]
Underfull \hbox (badness 2237) in paragraph at lines 5698--5698
\T1/lmr/m/n/10 (+20) a-tions with in-suf-fi-cient
 []


Underfull \hbox (badness 5359) in paragraph at lines 5698--5698
[]|\T1/lmr/m/n/10 (+20) Injection at-tempt test
 []



[125]

[126]
Underfull \hbox (badness 3884) in paragraph at lines 5785--5785
[]|\T1/lmr/m/n/10 (+20) Trace prop-a-ga-
 []


Underfull \hbox (badness 10000) in paragraph at lines 5817--5817
[]|\T1/lmr/m/n/10 (+20) Environment-
 []


Underfull \hbox (badness 10000) in paragraph at lines 5817--5817
[]|\T1/lmr/m/n/10 (+20) Configuration
 []


Underfull \hbox (badness 10000) in paragraph at lines 5817--5817
\T1/lmr/m/n/10 (+20) and data ex-
 []


Underfull \hbox (badness 10000) in paragraph at lines 5817--5817
[]|\T1/lmr/m/n/10 (+20) Pre-configured
 []


Underfull \hbox (badness 10000) in paragraph at lines 5890--5890
[]|\T1/lmr/m/n/10 (+20) Metrics, log-ging,
 []


Underfull \hbox (badness 6978) in paragraph at lines 5890--5890
\T1/lmr/m/n/10 (+20) trac-ing com-plete-
 []


Underfull \hbox (badness 10000) in paragraph at lines 5890--5890
[]|\T1/lmr/m/n/10 (+20) NL$\OMS/lmsy/m/n/10 !$\T1/lmr/m/n/10 (+20) Cypher
 []


Underfull \hbox (badness 1365) in paragraph at lines 5890--5890
[]|\T1/lmr/m/n/10 (+20) Deployment, scal-
 []


Underfull \hbox (badness 10000) in paragraph at lines 5890--5890
[]|\T1/lmr/m/n/10 (+20) Tool ad-di-tion,
 []


Underfull \hbox (badness 10000) in paragraph at lines 5890--5890
\T1/lmr/m/n/10 (+20) provider in-te-gra-
 []



[127]

[128]

[129]
Overfull \hbox (49.89157pt too wide) in paragraph at lines 5912--5935
 [][] 
 []



[130]
Underfull \hbox (badness 10000) in paragraph at lines 5966--5966
[]|\T1/lmr/bx/n/10.95 (+20) Verification
 []


Underfull \hbox (badness 10000) in paragraph at lines 5970--5970
[]|\T1/lmr/bx/n/10.95 (+20) Verification
 []


Underfull \hbox (badness 10000) in paragraph at lines 5975--5975
[]|\T1/lmr/m/n/10.95 (+20) FR-
 []


Underfull \hbox (badness 10000) in paragraph at lines 5975--5975
[]|\T1/lmr/m/n/10.95 (+20) Accept NL
 []


Underfull \hbox (badness 10000) in paragraph at lines 5975--5975
\T1/lmr/m/n/10.95 (+20) prompts,
 []


Underfull \hbox (badness 10000) in paragraph at lines 5975--5975
[]|$\T1/lmtt/m/n/10.95 src / services /
 []


Underfull \hbox (badness 10000) in paragraph at lines 5975--5975
\T1/lmtt/m/n/10.95 orchestrator . py$\T1/lmr/m/n/10.95 (+20) ,
 []


Underfull \hbox (badness 10000) in paragraph at lines 5975--5975
\T1/lmtt/m/n/10.95 src / routers / agent \
 []


Overfull \hbox (26.65883pt too wide) in paragraph at lines 5975--5976
[]|\T1/lmr/m/n/10.95 (-20) Implemented| 
 []


Underfull \hbox (badness 10000) in paragraph at lines 5977--5977
[]|\T1/lmr/m/n/10.95 (+20) FR-
 []


Underfull \hbox (badness 10000) in paragraph at lines 5977--5977
[]|\T1/lmr/m/n/10.95 (+20) Configurable
 []


Underfull \hbox (badness 10000) in paragraph at lines 5977--5977
\T1/lmr/m/n/10.95 (+20) ex-e-cu-tion
 []


Underfull \hbox (badness 10000) in paragraph at lines 5977--5977
[]|$\T1/lmtt/m/n/10.95 src / schemas / agent _
 []


Underfull \hbox (badness 10000) in paragraph at lines 5977--5977
[]|\T1/lmr/m/n/10.95 (+20) Unit test
 []


Overfull \hbox (26.65883pt too wide) in paragraph at lines 5977--5978
[]|\T1/lmr/m/n/10.95 (-20) Implemented| 
 []


Underfull \hbox (badness 10000) in paragraph at lines 5979--5979
[]|\T1/lmr/m/n/10.95 (+20) FR-
 []


Underfull \hbox (badness 10000) in paragraph at lines 5979--5979
[]|$\T1/lmtt/m/n/10.95 src / routers /
 []


Underfull \hbox (badness 10000) in paragraph at lines 5979--5979
\T1/lmtt/m/n/10.95 sessions . py$\T1/lmr/m/n/10.95 (+20) , $\T1/lmtt/m/n/10.95 src /
 []


Underfull \hbox (badness 10000) in paragraph at lines 5979--5979
[]|\T1/lmr/m/n/10.95 (+20) Integration
 []


Overfull \hbox (26.65883pt too wide) in paragraph at lines 5979--5980
[]|\T1/lmr/m/n/10.95 (-20) Implemented| 
 []


Underfull \hbox (badness 10000) in paragraph at lines 5981--5981
[]|\T1/lmr/m/n/10.95 (+20) FR-
 []


Underfull \hbox (badness 1286) in paragraph at lines 5981--5981
[]|\T1/lmr/m/n/10.95 (+20) Record ex-e-cu-
 []


Underfull \hbox (badness 10000) in paragraph at lines 5981--5981
[]|$\T1/lmtt/m/n/10.95 db / postgres \
 []


Overfull \hbox (26.65883pt too wide) in paragraph at lines 5981--5982
[]|\T1/lmr/m/n/10.95 (-20) Implemented| 
 []


Underfull \hbox (badness 10000) in paragraph at lines 5983--5983
[]|\T1/lmr/m/n/10.95 (+20) FR-
 []


Underfull \hbox (badness 1331) in paragraph at lines 5983--5983
[]|\T1/lmr/m/n/10.95 (+20) Intent clas-si-fi-
 []


Underfull \hbox (badness 10000) in paragraph at lines 5983--5983
[]|$\T1/lmtt/m/n/10.95 src / services / intent .
 []


Overfull \hbox (26.65883pt too wide) in paragraph at lines 5983--5984
[]|\T1/lmr/m/n/10.95 (-20) Implemented| 
 []


Underfull \hbox (badness 10000) in paragraph at lines 5985--5985
[]|\T1/lmr/m/n/10.95 (+20) FR-
 []


Underfull \hbox (badness 10000) in paragraph at lines 5985--5985
[]|$\T1/lmtt/m/n/10.95 src / services /
 []


Overfull \hbox (26.65883pt too wide) in paragraph at lines 5985--5986
[]|\T1/lmr/m/n/10.95 (-20) Implemented| 
 []


Underfull \hbox (badness 10000) in paragraph at lines 5987--5987
[]|\T1/lmr/m/n/10.95 (+20) FR-
 []


Underfull \hbox (badness 10000) in paragraph at lines 5987--5987
[]|$\T1/lmtt/m/n/10.95 src / metrics / agent _
 []


Underfull \hbox (badness 10000) in paragraph at lines 5987--5987
[]|\T1/lmr/m/n/10.95 (+20) Metrics test
 []


Overfull \hbox (26.65883pt too wide) in paragraph at lines 5987--5988
[]|\T1/lmr/m/n/10.95 (-20) Implemented| 
 []


Underfull \hbox (badness 10000) in paragraph at lines 5989--5989
[]|\T1/lmr/m/n/10.95 (+20) FR-
 []


Underfull \hbox (badness 10000) in paragraph at lines 5989--5989
[]|$\T1/lmtt/m/n/10.95 src / adapters / llm . py$
 []


Overfull \hbox (26.65883pt too wide) in paragraph at lines 5989--5990
[]|\T1/lmr/m/n/10.95 (-20) Implemented| 
 []


Underfull \hbox (badness 10000) in paragraph at lines 5991--5991
[]|\T1/lmr/m/n/10.95 (+20) FR-
 []


Underfull \hbox (badness 5133) in paragraph at lines 5991--5991
[]|\T1/lmr/m/n/10.95 (+20) Run can-cel-la-
 []


Underfull \hbox (badness 10000) in paragraph at lines 5991--5991
[]|$\T1/lmtt/m/n/10.95 src / routers / agent _
 []


Underfull \hbox (badness 10000) in paragraph at lines 5991--5991
[]|\T1/lmr/m/n/10.95 (+20) Integration
 []


Overfull \hbox (26.65883pt too wide) in paragraph at lines 5991--5992
[]|\T1/lmr/m/n/10.95 (-20) Implemented| 
 []


Underfull \hbox (badness 10000) in paragraph at lines 5993--5993
[]|\T1/lmr/m/n/10.95 (+20) FR-
 []


Underfull \hbox (badness 10000) in paragraph at lines 5993--5993
[]|\T1/lmr/m/n/10.95 (+20) Polling end-
 []


Underfull \hbox (badness 10000) in paragraph at lines 5993--5993
[]|$\T1/lmtt/m/n/10.95 src / routers / agent _
 []


Overfull \hbox (26.65883pt too wide) in paragraph at lines 5993--5994
[]|\T1/lmr/m/n/10.95 (-20) Implemented| 
 []


Underfull \hbox (badness 10000) in paragraph at lines 6002--6002
[]|\T1/lmr/bx/n/10.95 (+20) Verification
 []


Underfull \hbox (badness 10000) in paragraph at lines 6006--6006
[]|\T1/lmr/bx/n/10.95 (+20) Verification
 []


Underfull \hbox (badness 10000) in paragraph at lines 6011--6011
[]|\T1/lmr/m/n/10.95 (+20) FR-
 []


Underfull \hbox (badness 10000) in paragraph at lines 6011--6011
\T1/lmr/m/n/10.95 (+20) MM-
 []


Underfull \hbox (badness 10000) in paragraph at lines 6011--6011
[]|\T1/lmr/m/n/10.95 (+20) Multi-provider
 []


Underfull \hbox (badness 10000) in paragraph at lines 6011--6011
[]|\T1/lmr/m/n/10.95 (+20) Integration
 []


Overfull \hbox (26.65883pt too wide) in paragraph at lines 6011--6012
[]|\T1/lmr/m/n/10.95 (-20) Implemented| 
 []


Underfull \hbox (badness 10000) in paragraph at lines 6013--6013
[]|\T1/lmr/m/n/10.95 (+20) FR-
 []


Underfull \hbox (badness 10000) in paragraph at lines 6013--6013
\T1/lmr/m/n/10.95 (+20) MM-
 []


Underfull \hbox (badness 10000) in paragraph at lines 6013--6013
[]|$\T1/lmtt/m/n/10.95 src / routers / models _
 []


Underfull \hbox (badness 10000) in paragraph at lines 6013--6013
[]|\T1/lmr/m/n/10.95 (+20) CRUD test
 []


Overfull \hbox (26.65883pt too wide) in paragraph at lines 6013--6014
[]|\T1/lmr/m/n/10.95 (-20) Implemented| 
 []


Underfull \hbox (badness 10000) in paragraph at lines 6015--6015
[]|\T1/lmr/m/n/10.95 (+20) FR-
 []


Underfull \hbox (badness 10000) in paragraph at lines 6015--6015
\T1/lmr/m/n/10.95 (+20) MM-
 []


Overfull \hbox (26.65883pt too wide) in paragraph at lines 6015--6016
[]|\T1/lmr/m/n/10.95 (-20) Implemented| 
 []


Underfull \hbox (badness 10000) in paragraph at lines 6017--6017
[]|\T1/lmr/m/n/10.95 (+20) FR-
 []


Underfull \hbox (badness 10000) in paragraph at lines 6017--6017
\T1/lmr/m/n/10.95 (+20) MM-
 []


Underfull \hbox (badness 10000) in paragraph at lines 6017--6017
[]|$\T1/lmtt/m/n/10.95 src / metrics /
 []


Underfull \hbox (badness 10000) in paragraph at lines 6017--6017
[]|\T1/lmr/m/n/10.95 (+20) Metrics test
 []


Overfull \hbox (26.65883pt too wide) in paragraph at lines 6017--6018
[]|\T1/lmr/m/n/10.95 (-20) Implemented| 
 []


Underfull \hbox (badness 10000) in paragraph at lines 6019--6019
[]|\T1/lmr/m/n/10.95 (+20) FR-
 []


Underfull \hbox (badness 10000) in paragraph at lines 6019--6019
\T1/lmr/m/n/10.95 (+20) MM-
 []


Underfull \hbox (badness 10000) in paragraph at lines 6019--6019
[]|\T1/lmr/m/n/10.95 (+20) Hot-swap
 []


Underfull \hbox (badness 10000) in paragraph at lines 6019--6019
[]|$\T1/lmtt/m/n/10.95 src / routers / models \
 []


Underfull \hbox (badness 10000) in paragraph at lines 6019--6019
[]|\T1/lmr/m/n/10.95 (+20) Integration
 []


Overfull \hbox (26.65883pt too wide) in paragraph at lines 6019--6020
[]|\T1/lmr/m/n/10.95 (-20) Implemented| 
 []


Underfull \hbox (badness 10000) in paragraph at lines 6021--6021
[]|\T1/lmr/m/n/10.95 (+20) FR-
 []


Underfull \hbox (badness 10000) in paragraph at lines 6021--6021
\T1/lmr/m/n/10.95 (+20) MM-
 []


Underfull \hbox (badness 10000) in paragraph at lines 6021--6021
[]|$\T1/lmtt/m/n/10.95 src / health /
 []


Underfull \hbox (badness 6300) in paragraph at lines 6021--6021
[]|\T1/lmr/m/n/10.95 (+20) Health probe
 []


Overfull \hbox (26.65883pt too wide) in paragraph at lines 6021--6022
[]|\T1/lmr/m/n/10.95 (-20) Implemented| 
 []


Underfull \hbox (badness 10000) in paragraph at lines 6023--6023
[]|\T1/lmr/m/n/10.95 (+20) FR-
 []


Underfull \hbox (badness 10000) in paragraph at lines 6023--6023
\T1/lmr/m/n/10.95 (+20) MM-
 []


Underfull \hbox (badness 10000) in paragraph at lines 6023--6023
[]|\T1/lmr/m/n/10.95 (+20) Performance
 []


Underfull \hbox (badness 10000) in paragraph at lines 6025--6025
[]|\T1/lmr/m/n/10.95 (+20) FR-
 []


Underfull \hbox (badness 10000) in paragraph at lines 6025--6025
\T1/lmr/m/n/10.95 (+20) MM-
 []


Underfull \hbox (badness 10000) in paragraph at lines 6025--6025
[]|\T1/lmr/m/n/10.95 (+20) Capability
 []


Underfull \hbox (badness 10000) in paragraph at lines 6025--6025
[]|$\T1/lmtt/m/n/10.95 src / schemas / models .
 []


Underfull \hbox (badness 10000) in paragraph at lines 6025--6025
[]|\T1/lmr/m/n/10.95 (+20) Schema test
 []


Overfull \hbox (26.65883pt too wide) in paragraph at lines 6025--6026
[]|\T1/lmr/m/n/10.95 (-20) Implemented| 
 []



[131]
Underfull \hbox (badness 10000) in paragraph at lines 6034--6034
[]|\T1/lmr/bx/n/10.95 (+20) Verification
 []


Underfull \hbox (badness 10000) in paragraph at lines 6038--6038
[]|\T1/lmr/bx/n/10.95 (+20) Verification
 []


Underfull \hbox (badness 10000) in paragraph at lines 6043--6043
[]|\T1/lmr/m/n/10.95 (+20) FR-
 []


Underfull \hbox (badness 10000) in paragraph at lines 6043--6043
[]|$\T1/lmtt/m/n/10.95 src / routers / tools .
 []


Overfull \hbox (26.65883pt too wide) in paragraph at lines 6043--6044
[]|\T1/lmr/m/n/10.95 (-20) Implemented| 
 []


Underfull \hbox (badness 10000) in paragraph at lines 6045--6045
[]|\T1/lmr/m/n/10.95 (+20) FR-
 []


Underfull \hbox (badness 6792) in paragraph at lines 6045--6045
[]|\T1/lmr/m/n/10.95 (+20) Dotted name
 []


Underfull \hbox (badness 10000) in paragraph at lines 6045--6045
[]|$\T1/lmtt/m/n/10.95 src / mcp / tools / \ _ \ _
 []


Overfull \hbox (26.65883pt too wide) in paragraph at lines 6045--6046
[]|\T1/lmr/m/n/10.95 (-20) Implemented| 
 []


Underfull \hbox (badness 10000) in paragraph at lines 6047--6047
[]|\T1/lmr/m/n/10.95 (+20) FR-
 []


Underfull \hbox (badness 10000) in paragraph at lines 6047--6047
[]|\T1/lmr/m/n/10.95 (+20) Capability-
 []


Underfull \hbox (badness 10000) in paragraph at lines 6047--6047
[]|\T1/lmr/m/n/10.95 (+20) Security test
 []


Overfull \hbox (26.65883pt too wide) in paragraph at lines 6047--6048
[]|\T1/lmr/m/n/10.95 (-20) Implemented| 
 []


Underfull \hbox (badness 10000) in paragraph at lines 6049--6049
[]|\T1/lmr/m/n/10.95 (+20) FR-
 []


Underfull \hbox (badness 10000) in paragraph at lines 6049--6049
[]|\T1/lmr/m/n/10.95 (+20) Inventory
 []


Overfull \hbox (26.65883pt too wide) in paragraph at lines 6049--6050
[]|\T1/lmr/m/n/10.95 (-20) Implemented| 
 []


Underfull \hbox (badness 10000) in paragraph at lines 6051--6051
[]|\T1/lmr/m/n/10.95 (+20) FR-
 []


Underfull \hbox (badness 10000) in paragraph at lines 6051--6051
[]|\T1/lmr/m/n/10.95 (+20) Tool in-vo-ca-
 []


Underfull \hbox (badness 10000) in paragraph at lines 6051--6051
[]|$\T1/lmtt/m/n/10.95 src / audit \ _logger .
 []


Overfull \hbox (26.65883pt too wide) in paragraph at lines 6051--6052
[]|\T1/lmr/m/n/10.95 (-20) Implemented| 
 []


Underfull \hbox (badness 10000) in paragraph at lines 6053--6053
[]|\T1/lmr/m/n/10.95 (+20) FR-
 []


Underfull \hbox (badness 1590) in paragraph at lines 6053--6053
[]|\T1/lmr/m/n/10.95 (+20) Per-tool time-
 []


Underfull \hbox (badness 10000) in paragraph at lines 6053--6053
[]|\T1/lmr/m/n/10.95 (+20) Timeout test
 []


Overfull \hbox (26.65883pt too wide) in paragraph at lines 6053--6054
[]|\T1/lmr/m/n/10.95 (-20) Implemented| 
 []


Underfull \hbox (badness 10000) in paragraph at lines 6055--6055
[]|\T1/lmr/m/n/10.95 (+20) FR-
 []


Underfull \hbox (badness 10000) in paragraph at lines 6057--6057
[]|\T1/lmr/m/n/10.95 (+20) FR-
 []


Underfull \hbox (badness 10000) in paragraph at lines 6057--6057
[]|\T1/lmr/m/n/10.95 (+20) Safe mode
 []


Underfull \hbox (badness 10000) in paragraph at lines 6057--6057
[]|$\T1/lmtt/m/n/10.95 src / mcp / tools /
 []


Underfull \hbox (badness 10000) in paragraph at lines 6057--6057
[]|\T1/lmr/m/n/10.95 (+20) Security test
 []


Overfull \hbox (26.65883pt too wide) in paragraph at lines 6057--6058
[]|\T1/lmr/m/n/10.95 (-20) Implemented| 
 []


Underfull \hbox (badness 10000) in paragraph at lines 6059--6059
[]|\T1/lmr/m/n/10.95 (+20) FR-
 []


Underfull \hbox (badness 10000) in paragraph at lines 6059--6059
[]|$\T1/lmtt/m/n/10.95 src / observability /
 []


Underfull \hbox (badness 10000) in paragraph at lines 6059--6059
[]|\T1/lmr/m/n/10.95 (+20) Metrics test
 []


Overfull \hbox (26.65883pt too wide) in paragraph at lines 6059--6060
[]|\T1/lmr/m/n/10.95 (-20) Implemented| 
 []

[132]
Underfull \hbox (badness 10000) in paragraph at lines 6068--6068
[]|\T1/lmr/bx/n/10.95 (+20) Verification
 []


Underfull \hbox (badness 10000) in paragraph at lines 6072--6072
[]|\T1/lmr/bx/n/10.95 (+20) Verification
 []


Underfull \hbox (badness 10000) in paragraph at lines 6077--6077
[]|\T1/lmr/m/n/10.95 (+20) FR-
 []


Underfull \hbox (badness 10000) in paragraph at lines 6077--6077
\T1/lmr/m/n/10.95 (+20) GQ-
 []


Underfull \hbox (badness 10000) in paragraph at lines 6077--6077
[]|$\T1/lmtt/m/n/10.95 src / mcp / tools /
 []


Underfull \hbox (badness 10000) in paragraph at lines 6077--6077
\T1/lmtt/m/n/10.95 graph / generate \
 []


Overfull \hbox (26.65883pt too wide) in paragraph at lines 6077--6078
[]|\T1/lmr/m/n/10.95 (-20) Implemented| 
 []


Underfull \hbox (badness 10000) in paragraph at lines 6079--6079
[]|\T1/lmr/m/n/10.95 (+20) FR-
 []


Underfull \hbox (badness 10000) in paragraph at lines 6079--6079
\T1/lmr/m/n/10.95 (+20) GQ-
 []


Underfull \hbox (badness 2521) in paragraph at lines 6079--6079
[]|\T1/lmr/m/n/10.95 (+20) Schema in-tro-
 []


Underfull \hbox (badness 10000) in paragraph at lines 6079--6079
[]|$\T1/lmtt/m/n/10.95 src / mcp / tools /
 []


Underfull \hbox (badness 10000) in paragraph at lines 6079--6079
[]|\T1/lmr/m/n/10.95 (+20) Integration
 []


Overfull \hbox (26.65883pt too wide) in paragraph at lines 6079--6080
[]|\T1/lmr/m/n/10.95 (-20) Implemented| 
 []


Underfull \hbox (badness 10000) in paragraph at lines 6081--6081
[]|\T1/lmr/m/n/10.95 (+20) FR-
 []


Underfull \hbox (badness 10000) in paragraph at lines 6081--6081
\T1/lmr/m/n/10.95 (+20) GQ-
 []


Underfull \hbox (badness 10000) in paragraph at lines 6081--6081
[]|\T1/lmr/m/n/10.95 (+20) Write op-er-a-
 []


Underfull \hbox (badness 10000) in paragraph at lines 6081--6081
[]|$\T1/lmtt/m/n/10.95 src / mcp / tools /
 []


Underfull \hbox (badness 10000) in paragraph at lines 6081--6081
[]|\T1/lmr/m/n/10.95 (+20) Security test
 []


Overfull \hbox (26.65883pt too wide) in paragraph at lines 6081--6082
[]|\T1/lmr/m/n/10.95 (-20) Implemented| 
 []


Underfull \hbox (badness 10000) in paragraph at lines 6083--6083
[]|\T1/lmr/m/n/10.95 (+20) FR-
 []


Underfull \hbox (badness 10000) in paragraph at lines 6083--6083
\T1/lmr/m/n/10.95 (+20) GQ-
 []


Underfull \hbox (badness 10000) in paragraph at lines 6083--6083
[]|\T1/lmr/m/n/10.95 (+20) Parameterized
 []


Underfull \hbox (badness 10000) in paragraph at lines 6083--6083
[]|$\T1/lmtt/m/n/10.95 src / mcp / tools /
 []


Underfull \hbox (badness 10000) in paragraph at lines 6083--6083
\T1/lmtt/m/n/10.95 graph / secure \ _query .
 []


Underfull \hbox (badness 5403) in paragraph at lines 6083--6083
[]|\T1/lmr/m/n/10.95 (+20) Injection test
 []


Overfull \hbox (26.65883pt too wide) in paragraph at lines 6083--6084
[]|\T1/lmr/m/n/10.95 (-20) Implemented| 
 []


Underfull \hbox (badness 10000) in paragraph at lines 6085--6085
[]|\T1/lmr/m/n/10.95 (+20) FR-
 []


Underfull \hbox (badness 10000) in paragraph at lines 6085--6085
\T1/lmr/m/n/10.95 (+20) GQ-
 []


Underfull \hbox (badness 10000) in paragraph at lines 6085--6085
[]|\T1/lmr/m/n/10.95 (+20) CALL pro-ce-
 []


Underfull \hbox (badness 10000) in paragraph at lines 6085--6085
[]|$\T1/lmtt/m/n/10.95 src / mcp / tools /
 []


Underfull \hbox (badness 10000) in paragraph at lines 6085--6085
\T1/lmtt/m/n/10.95 graph / secure \ _query .
 []


Underfull \hbox (badness 10000) in paragraph at lines 6085--6085
[]|\T1/lmr/m/n/10.95 (+20) Security test
 []


Overfull \hbox (26.65883pt too wide) in paragraph at lines 6085--6086
[]|\T1/lmr/m/n/10.95 (-20) Implemented| 
 []


Underfull \hbox (badness 10000) in paragraph at lines 6087--6087
[]|\T1/lmr/m/n/10.95 (+20) FR-
 []


Underfull \hbox (badness 10000) in paragraph at lines 6087--6087
\T1/lmr/m/n/10.95 (+20) GQ-
 []


Underfull \hbox (badness 10000) in paragraph at lines 6087--6087
[]|\T1/lmr/m/n/10.95 (+20) Tenant iso-la-
 []


Underfull \hbox (badness 10000) in paragraph at lines 6087--6087
[]|$\T1/lmtt/m/n/10.95 src / mcp / tools /
 []


Underfull \hbox (badness 10000) in paragraph at lines 6087--6087
\T1/lmtt/m/n/10.95 graph / secure \ _query .
 []


Underfull \hbox (badness 7722) in paragraph at lines 6087--6087
[]|\T1/lmr/m/n/10.95 (+20) Isolation test
 []


Overfull \hbox (26.65883pt too wide) in paragraph at lines 6087--6088
[]|\T1/lmr/m/n/10.95 (-20) Implemented| 
 []


Underfull \hbox (badness 10000) in paragraph at lines 6089--6089
[]|\T1/lmr/m/n/10.95 (+20) FR-
 []


Underfull \hbox (badness 10000) in paragraph at lines 6089--6089
\T1/lmr/m/n/10.95 (+20) GQ-
 []


Underfull \hbox (badness 10000) in paragraph at lines 6089--6089
[]|$\T1/lmtt/m/n/10.95 src / mcp / tools /
 []


Overfull \hbox (26.65883pt too wide) in paragraph at lines 6089--6090
[]|\T1/lmr/m/n/10.95 (-20) Implemented| 
 []


Underfull \hbox (badness 10000) in paragraph at lines 6091--6091
[]|\T1/lmr/m/n/10.95 (+20) FR-
 []


Underfull \hbox (badness 10000) in paragraph at lines 6091--6091
\T1/lmr/m/n/10.95 (+20) GQ-
 []


Underfull \hbox (badness 10000) in paragraph at lines 6093--6093
[]|\T1/lmr/m/n/10.95 (+20) FR-
 []


Underfull \hbox (badness 10000) in paragraph at lines 6093--6093
\T1/lmr/m/n/10.95 (+20) GQ-
 []


Underfull \hbox (badness 10000) in paragraph at lines 6093--6093
[]|$\T1/lmtt/m/n/10.95 src / mcp / tools /
 []


Underfull \hbox (badness 10000) in paragraph at lines 6093--6093
[]|\T1/lmr/m/n/10.95 (+20) Integration
 []


Overfull \hbox (26.65883pt too wide) in paragraph at lines 6093--6094
[]|\T1/lmr/m/n/10.95 (-20) Implemented| 
 []

[133]
Underfull \hbox (badness 10000) in paragraph at lines 6102--6102
[]|\T1/lmr/bx/n/10.95 (+20) Verification
 []


Underfull \hbox (badness 10000) in paragraph at lines 6106--6106
[]|\T1/lmr/bx/n/10.95 (+20) Verification
 []


Underfull \hbox (badness 10000) in paragraph at lines 6111--6111
[]|\T1/lmr/m/n/10.95 (+20) FR-
 []


Underfull \hbox (badness 10000) in paragraph at lines 6111--6111
[]|\T1/lmr/m/n/10.95 (+20) Async job
 []


Underfull \hbox (badness 10000) in paragraph at lines 6111--6111
\T1/lmr/m/n/10.95 (+20) cre-ation
 []


Underfull \hbox (badness 10000) in paragraph at lines 6111--6111
[]|$\T1/lmtt/m/n/10.95 src / routers / jobs . py$\T1/lmr/m/n/10.95 (+20) ,
 []


Overfull \hbox (26.65883pt too wide) in paragraph at lines 6111--6112
[]|\T1/lmr/m/n/10.95 (-20) Implemented| 
 []


Underfull \hbox (badness 10000) in paragraph at lines 6113--6113
[]|\T1/lmr/m/n/10.95 (+20) FR-
 []


Underfull \hbox (badness 10000) in paragraph at lines 6113--6113
[]|\T1/lmr/m/n/10.95 (+20) PostgreSQL
 []


Underfull \hbox (badness 7540) in paragraph at lines 6113--6113
\T1/lmr/m/n/10.95 (+20) per-sis-tence +
 []


Underfull \hbox (badness 10000) in paragraph at lines 6113--6113
[]|$\T1/lmtt/m/n/10.95 db / postgres \
 []


Underfull \hbox (badness 10000) in paragraph at lines 6113--6113
\T1/lmtt/m/n/10.95 _control / models /
 []


Underfull \hbox (badness 10000) in paragraph at lines 6113--6113
[]|\T1/lmr/m/n/10.95 (+20) Integration
 []


Overfull \hbox (26.65883pt too wide) in paragraph at lines 6113--6114
[]|\T1/lmr/m/n/10.95 (-20) Implemented| 
 []


Underfull \hbox (badness 10000) in paragraph at lines 6115--6115
[]|\T1/lmr/m/n/10.95 (+20) FR-
 []


Underfull \hbox (badness 10000) in paragraph at lines 6115--6115
[]|\T1/lmr/m/n/10.95 (+20) Idempotency
 []


Underfull \hbox (badness 10000) in paragraph at lines 6115--6115
\T1/lmr/m/n/10.95 (+20) key
 []


Overfull \hbox (60.90843pt too wide) in paragraph at lines 6115--6115
\T1/lmr/m/n/10.95 (-20) (owner+tenant+type+hash)| 
 []


Underfull \hbox (badness 10000) in paragraph at lines 6115--6115
[]|$\T1/lmtt/m/n/10.95 src / services / jobs \
 []


Underfull \hbox (badness 10000) in paragraph at lines 6115--6115
[]|\T1/lmr/m/n/10.95 (+20) Idempotency
 []


Overfull \hbox (26.65883pt too wide) in paragraph at lines 6115--6116
[]|\T1/lmr/m/n/10.95 (-20) Implemented| 
 []


Underfull \hbox (badness 10000) in paragraph at lines 6117--6117
[]|\T1/lmr/m/n/10.95 (+20) FR-
 []


Underfull \hbox (badness 10000) in paragraph at lines 6117--6117
[]|$\T1/lmtt/m/n/10.95 src / routers / job \
 []


Overfull \hbox (26.65883pt too wide) in paragraph at lines 6117--6118
[]|\T1/lmr/m/n/10.95 (-20) Implemented| 
 []


Underfull \hbox (badness 10000) in paragraph at lines 6119--6119
[]|\T1/lmr/m/n/10.95 (+20) FR-
 []


Underfull \hbox (badness 4505) in paragraph at lines 6119--6119
[]|\T1/lmr/m/n/10.95 (+20) Redis flag +
 []


Underfull \hbox (badness 10000) in paragraph at lines 6119--6119
\T1/lmr/m/n/10.95 (+20) Lua can-cel-la-
 []


Underfull \hbox (badness 10000) in paragraph at lines 6119--6119
[]|$\T1/lmtt/m/n/10.95 src / routers / jobs . py$\T1/lmr/m/n/10.95 (+20) ,
 []


Underfull \hbox (badness 6575) in paragraph at lines 6119--6119
[]|\T1/lmr/m/n/10.95 (+20) Lifecycle test
 []


Overfull \hbox (26.65883pt too wide) in paragraph at lines 6119--6120
[]|\T1/lmr/m/n/10.95 (-20) Implemented| 
 []


Underfull \hbox (badness 10000) in paragraph at lines 6121--6121
[]|\T1/lmr/m/n/10.95 (+20) FR-
 []


Underfull \hbox (badness 1661) in paragraph at lines 6121--6121
[]|\T1/lmr/m/n/10.95 (+20) Worker heart-
 []


Underfull \hbox (badness 10000) in paragraph at lines 6121--6121
[]|$\T1/lmtt/m/n/10.95 src / workers / jobs \
 []


Underfull \hbox (badness 10000) in paragraph at lines 6121--6121
[]|\T1/lmr/m/n/10.95 (+20) Worker test
 []


Overfull \hbox (26.65883pt too wide) in paragraph at lines 6121--6122
[]|\T1/lmr/m/n/10.95 (-20) Implemented| 
 []


Underfull \hbox (badness 10000) in paragraph at lines 6123--6123
[]|\T1/lmr/m/n/10.95 (+20) FR-
 []


Overfull \hbox (24.7375pt too wide) in paragraph at lines 6123--6123
\T1/lmr/m/n/10.95 (-20) (JOB_TTL_DAYS)| 
 []


Overfull \hbox (26.65883pt too wide) in paragraph at lines 6123--6124
[]|\T1/lmr/m/n/10.95 (-20) Implemented| 
 []


Underfull \hbox (badness 10000) in paragraph at lines 6125--6125
[]|\T1/lmr/m/n/10.95 (+20) FR-
 []


Underfull \hbox (badness 10000) in paragraph at lines 6125--6125
[]|\T1/lmr/m/n/10.95 (+20) Queue depth
 []


Underfull \hbox (badness 10000) in paragraph at lines 6125--6125
\T1/lmr/m/n/10.95 (+20) Prometheus
 []


Underfull \hbox (badness 10000) in paragraph at lines 6125--6125
[]|$\T1/lmtt/m/n/10.95 src / health /
 []


Underfull \hbox (badness 10000) in paragraph at lines 6125--6125
[]|\T1/lmr/m/n/10.95 (+20) Metrics test
 []


Overfull \hbox (26.65883pt too wide) in paragraph at lines 6125--6126
[]|\T1/lmr/m/n/10.95 (-20) Implemented| 
 []


Underfull \hbox (badness 10000) in paragraph at lines 6127--6127
[]|\T1/lmr/m/n/10.95 (+20) FR-
 []


Overfull \hbox (58.82634pt too wide) in paragraph at lines 6127--6127
[]|\T1/lmr/m/n/10.95 (-20) ALLOWED_JOB_TYPES
 []


Underfull \hbox (badness 10000) in paragraph at lines 6127--6127
[]|$\T1/lmtt/m/n/10.95 src / workers /
 []


Underfull \hbox (badness 10000) in paragraph at lines 6127--6127
\T1/lmtt/m/n/10.95 jobs \ _worker . py$\T1/lmr/m/n/10.95 (+20) ,
 []


Underfull \hbox (badness 10000) in paragraph at lines 6127--6127
[]|\T1/lmr/m/n/10.95 (+20) Config test
 []


Overfull \hbox (26.65883pt too wide) in paragraph at lines 6127--6128
[]|\T1/lmr/m/n/10.95 (-20) Implemented| 
 []


Underfull \hbox (badness 10000) in paragraph at lines 6129--6129
[]|\T1/lmr/m/n/10.95 (+20) FR-
 []


Underfull \hbox (badness 10000) in paragraph at lines 6129--6129
[]|$\T1/lmtt/m/n/10.95 src / workers / jobs \
 []


Underfull \hbox (badness 10000) in paragraph at lines 6129--6129
[]|\T1/lmr/m/n/10.95 (+20) Security test
 []


Overfull \hbox (26.65883pt too wide) in paragraph at lines 6129--6130
[]|\T1/lmr/m/n/10.95 (-20) Implemented| 
 []


Underfull \hbox (badness 10000) in paragraph at lines 6131--6131
[]|\T1/lmr/m/n/10.95 (+20) FR-
 []


Underfull \hbox (badness 10000) in paragraph at lines 6131--6131
[]|\T1/lmr/m/n/10.95 (+20) agent.run
 []


Underfull \hbox (badness 10000) in paragraph at lines 6131--6131
[]|$\T1/lmtt/m/n/10.95 src / workers / jobs \
 []


Overfull \hbox (26.65883pt too wide) in paragraph at lines 6131--6132
[]|\T1/lmr/m/n/10.95 (-20) Implemented| 
 []

[134]
Underfull \hbox (badness 10000) in paragraph at lines 6140--6140
[]|\T1/lmr/bx/n/10.95 (+20) Verification
 []


Underfull \hbox (badness 10000) in paragraph at lines 6144--6144
[]|\T1/lmr/bx/n/10.95 (+20) Verification
 []


Underfull \hbox (badness 10000) in paragraph at lines 6149--6149
[]|\T1/lmr/m/n/10.95 (+20) FR-
 []


Overfull \hbox (26.65883pt too wide) in paragraph at lines 6149--6150
[]|\T1/lmr/m/n/10.95 (-20) Implemented| 
 []


Underfull \hbox (badness 10000) in paragraph at lines 6151--6151
[]|\T1/lmr/m/n/10.95 (+20) FR-
 []


Underfull \hbox (badness 1946) in paragraph at lines 6151--6151
[]|\T1/lmr/m/n/10.95 (+20) Pydantic val-i-
 []


Overfull \hbox (26.65883pt too wide) in paragraph at lines 6151--6152
[]|\T1/lmr/m/n/10.95 (-20) Implemented| 
 []


Underfull \hbox (badness 10000) in paragraph at lines 6153--6153
[]|\T1/lmr/m/n/10.95 (+20) FR-
 []


Overfull \hbox (26.65883pt too wide) in paragraph at lines 6153--6154
[]|\T1/lmr/m/n/10.95 (-20) Implemented| 
 []


Underfull \hbox (badness 10000) in paragraph at lines 6155--6155
[]|\T1/lmr/m/n/10.95 (+20) FR-
 []


Underfull \hbox (badness 10000) in paragraph at lines 6155--6155
[]|\T1/lmr/m/n/10.95 (+20) Conditional
 []


Underfull \hbox (badness 10000) in paragraph at lines 6157--6157
[]|\T1/lmr/m/n/10.95 (+20) FR-
 []


Underfull \hbox (badness 10000) in paragraph at lines 6157--6157
[]|\T1/lmr/m/n/10.95 (+20) Error for-mat
 []


Overfull \hbox (26.65883pt too wide) in paragraph at lines 6157--6158
[]|\T1/lmr/m/n/10.95 (-20) Implemented| 
 []


Underfull \hbox (badness 10000) in paragraph at lines 6159--6159
[]|\T1/lmr/m/n/10.95 (+20) FR-
 []


Underfull \hbox (badness 10000) in paragraph at lines 6159--6159
[]|$\T1/lmtt/m/n/10.95 src / observability /
 []


Underfull \hbox (badness 10000) in paragraph at lines 6159--6159
[]|\T1/lmr/m/n/10.95 (+20) Header test
 []


Overfull \hbox (26.65883pt too wide) in paragraph at lines 6159--6160
[]|\T1/lmr/m/n/10.95 (-20) Implemented| 
 []


Underfull \hbox (badness 10000) in paragraph at lines 6161--6161
[]|\T1/lmr/m/n/10.95 (+20) FR-
 []


Underfull \hbox (badness 10000) in paragraph at lines 6161--6161
[]|\T1/lmr/m/n/10.95 (+20) Deprecation
 []


Underfull \hbox (badness 10000) in paragraph at lines 6161--6161
[]|\T1/lmr/m/n/10.95 (+20) Header test
 []


Underfull \hbox (badness 10000) in paragraph at lines 6163--6163
[]|\T1/lmr/m/n/10.95 (+20) FR-
 []


Underfull \hbox (badness 10000) in paragraph at lines 6163--6163
[]|$\T1/lmtt/m/n/10.95 src / routers / *$\T1/lmr/m/n/10.95 (+20) ,
 []


Overfull \hbox (26.65883pt too wide) in paragraph at lines 6163--6164
[]|\T1/lmr/m/n/10.95 (-20) Implemented| 
 []


Underfull \hbox (badness 10000) in paragraph at lines 6176--6176
[]|\T1/lmr/bx/n/10.95 (+20) Verification
 []


Underfull \hbox (badness 10000) in paragraph at lines 6180--6180
[]|\T1/lmr/bx/n/10.95 (+20) Verification
 []


Underfull \hbox (badness 10000) in paragraph at lines 6185--6185
[]|\T1/lmr/m/n/10.95 (+20) NFR-
 []


Underfull \hbox (badness 10000) in paragraph at lines 6185--6185
[]|\T1/lmr/m/n/10.95 (+20) OAuth
 []


Underfull \hbox (badness 10000) in paragraph at lines 6185--6185
\T1/lmr/m/n/10.95 (+20) 2.0/OIDC
 []


Overfull \hbox (26.65883pt too wide) in paragraph at lines 6185--6186
[]|\T1/lmr/m/n/10.95 (-20) Implemented| 
 []


Underfull \hbox (badness 10000) in paragraph at lines 6187--6187
[]|\T1/lmr/m/n/10.95 (+20) NFR-
 []


Underfull \hbox (badness 1616) in paragraph at lines 6187--6187
[]|\T1/lmr/m/n/10.95 (+20) JWKS val-i-da-
 []


Overfull \hbox (26.65883pt too wide) in paragraph at lines 6187--6188
[]|\T1/lmr/m/n/10.95 (-20) Implemented| 
 []


Underfull \hbox (badness 10000) in paragraph at lines 6189--6189
[]|\T1/lmr/m/n/10.95 (+20) NFR-
 []


Underfull \hbox (badness 10000) in paragraph at lines 6189--6189
[]|\T1/lmr/m/n/10.95 (+20) Scope-based
 []


Underfull \hbox (badness 10000) in paragraph at lines 6189--6189
[]|$\T1/lmtt/m/n/10.95 src / security /
 []


Underfull \hbox (badness 10000) in paragraph at lines 6189--6189
[]|\T1/lmr/m/n/10.95 (+20) RBAC test
 []


Overfull \hbox (26.65883pt too wide) in paragraph at lines 6189--6190
[]|\T1/lmr/m/n/10.95 (-20) Implemented| 
 []


Underfull \hbox (badness 10000) in paragraph at lines 6191--6191
[]|\T1/lmr/m/n/10.95 (+20) NFR-
 []


Underfull \hbox (badness 10000) in paragraph at lines 6191--6191
[]|\T1/lmr/m/n/10.95 (+20) Configurable
 []


Underfull \hbox (badness 10000) in paragraph at lines 6191--6191
[]|$\T1/lmtt/m/n/10.95 src / security / scopes .
 []


Overfull \hbox (26.65883pt too wide) in paragraph at lines 6191--6192
[]|\T1/lmr/m/n/10.95 (-20) Implemented| 
 []


Underfull \hbox (badness 10000) in paragraph at lines 6193--6193
[]|\T1/lmr/m/n/10.95 (+20) NFR-
 []


Underfull \hbox (badness 10000) in paragraph at lines 6193--6193
[]|$\T1/lmtt/m/n/10.95 src / mcp / tools /
 []


Overfull \hbox (26.65883pt too wide) in paragraph at lines 6193--6194
[]|\T1/lmr/m/n/10.95 (-20) Implemented| 
 []


Underfull \hbox (badness 10000) in paragraph at lines 6195--6195
[]|\T1/lmr/m/n/10.95 (+20) NFR-
 []


Underfull \hbox (badness 2538) in paragraph at lines 6195--6195
[]|\T1/lmr/m/n/10.95 (+20) SSRF pre-ven-
 []


Overfull \hbox (26.65883pt too wide) in paragraph at lines 6195--6196
[]|\T1/lmr/m/n/10.95 (-20) Implemented| 
 []


Underfull \hbox (badness 10000) in paragraph at lines 6197--6197
[]|\T1/lmr/m/n/10.95 (+20) NFR-
 []


Underfull \hbox (badness 6204) in paragraph at lines 6197--6197
[]|\T1/lmr/m/n/10.95 (+20) Cypher in-jec-
 []


Underfull \hbox (badness 10000) in paragraph at lines 6197--6197
[]|$\T1/lmtt/m/n/10.95 src / mcp / tools /
 []


Underfull \hbox (badness 10000) in paragraph at lines 6197--6197
\T1/lmtt/m/n/10.95 graph / secure \ _query .
 []


Underfull \hbox (badness 5403) in paragraph at lines 6197--6197
[]|\T1/lmr/m/n/10.95 (+20) Injection test
 []


Overfull \hbox (26.65883pt too wide) in paragraph at lines 6197--6198
[]|\T1/lmr/m/n/10.95 (-20) Implemented| 
 []


Underfull \hbox (badness 10000) in paragraph at lines 6199--6199
[]|\T1/lmr/m/n/10.95 (+20) NFR-
 []


Underfull \hbox (badness 10000) in paragraph at lines 6199--6199
[]|\T1/lmr/m/n/10.95 (+20) Credential
 []


Underfull \hbox (badness 10000) in paragraph at lines 6199--6199
[]|$\T1/lmtt/m/n/10.95 src / logging \ _setup .
 []


Overfull \hbox (26.65883pt too wide) in paragraph at lines 6199--6200
[]|\T1/lmr/m/n/10.95 (-20) Implemented| 
 []


Underfull \hbox (badness 10000) in paragraph at lines 6201--6201
[]|\T1/lmr/m/n/10.95 (+20) NFR-
 []


Underfull \hbox (badness 10000) in paragraph at lines 6201--6201
[]|\T1/lmr/m/n/10.95 (+20) HTTPS en-
 []


Underfull \hbox (badness 10000) in paragraph at lines 6201--6201
[]|\T1/lmr/m/n/10.95 (+20) Config au-dit
 []


Overfull \hbox (26.65883pt too wide) in paragraph at lines 6201--6202
[]|\T1/lmr/m/n/10.95 (-20) Implemented| 
 []


Underfull \hbox (badness 10000) in paragraph at lines 6203--6203
[]|\T1/lmr/m/n/10.95 (+20) NFR-
 []


Underfull \hbox (badness 10000) in paragraph at lines 6203--6203
[]|\T1/lmr/m/n/10.95 (+20) Defense in
 []


Overfull \hbox (26.65883pt too wide) in paragraph at lines 6203--6204
[]|\T1/lmr/m/n/10.95 (-20) Implemented| 
 []


Underfull \vbox (badness 2326) has occurred while \output is active []



[135]
Underfull \hbox (badness 10000) in paragraph at lines 6212--6212
[]|\T1/lmr/bx/n/10.95 (+20) Verification
 []


Underfull \hbox (badness 10000) in paragraph at lines 6216--6216
[]|\T1/lmr/bx/n/10.95 (+20) Verification
 []


Underfull \hbox (badness 10000) in paragraph at lines 6221--6221
[]|\T1/lmr/m/n/10.95 (+20) NFR-
 []


Underfull \hbox (badness 10000) in paragraph at lines 6221--6221
\T1/lmr/m/n/10.95 (+20) MT-
 []


Underfull \hbox (badness 10000) in paragraph at lines 6221--6221
[]|$\T1/lmtt/m/n/10.95 db / postgres \
 []


Underfull \hbox (badness 7722) in paragraph at lines 6221--6221
[]|\T1/lmr/m/n/10.95 (+20) Isolation test
 []


Overfull \hbox (26.65883pt too wide) in paragraph at lines 6221--6222
[]|\T1/lmr/m/n/10.95 (-20) Implemented| 
 []


Underfull \hbox (badness 10000) in paragraph at lines 6223--6223
[]|\T1/lmr/m/n/10.95 (+20) NFR-
 []


Underfull \hbox (badness 10000) in paragraph at lines 6223--6223
\T1/lmr/m/n/10.95 (+20) MT-
 []


Underfull \hbox (badness 10000) in paragraph at lines 6223--6223
[]|$\T1/lmtt/m/n/10.95 src / middleware /
 []


Underfull \hbox (badness 10000) in paragraph at lines 6223--6223
[]|\T1/lmr/m/n/10.95 (+20) Middleware
 []


Overfull \hbox (26.65883pt too wide) in paragraph at lines 6223--6224
[]|\T1/lmr/m/n/10.95 (-20) Implemented| 
 []


Underfull \hbox (badness 10000) in paragraph at lines 6225--6225
[]|\T1/lmr/m/n/10.95 (+20) NFR-
 []


Underfull \hbox (badness 10000) in paragraph at lines 6225--6225
\T1/lmr/m/n/10.95 (+20) MT-
 []


Underfull \hbox (badness 4120) in paragraph at lines 6225--6225
[]|\T1/lmr/m/n/10.95 (+20) Query ten-ant
 []


Underfull \hbox (badness 10000) in paragraph at lines 6225--6225
[]|$\T1/lmtt/m/n/10.95 db / postgres \
 []


Underfull \hbox (badness 10000) in paragraph at lines 6225--6225
\T1/lmtt/m/n/10.95 _control /
 []


Overfull \hbox (26.65883pt too wide) in paragraph at lines 6225--6226
[]|\T1/lmr/m/n/10.95 (-20) Implemented| 
 []


Underfull \hbox (badness 10000) in paragraph at lines 6227--6227
[]|\T1/lmr/m/n/10.95 (+20) NFR-
 []


Underfull \hbox (badness 10000) in paragraph at lines 6227--6227
\T1/lmr/m/n/10.95 (+20) MT-
 []


Underfull \hbox (badness 10000) in paragraph at lines 6227--6227
[]|$\T1/lmtt/m/n/10.95 src / routers / admin \
 []


Underfull \hbox (badness 10000) in paragraph at lines 6227--6227
[]|\T1/lmr/m/n/10.95 (+20) Config test
 []


Overfull \hbox (26.65883pt too wide) in paragraph at lines 6227--6228
[]|\T1/lmr/m/n/10.95 (-20) Implemented| 
 []


Underfull \hbox (badness 10000) in paragraph at lines 6229--6229
[]|\T1/lmr/m/n/10.95 (+20) NFR-
 []


Underfull \hbox (badness 10000) in paragraph at lines 6229--6229
\T1/lmr/m/n/10.95 (+20) MT-
 []


Underfull \hbox (badness 10000) in paragraph at lines 6229--6229
[]|$\T1/lmtt/m/n/10.95 src / middleware /
 []


Underfull \hbox (badness 10000) in paragraph at lines 6231--6231
[]|\T1/lmr/m/n/10.95 (+20) NFR-
 []


Underfull \hbox (badness 10000) in paragraph at lines 6231--6231
\T1/lmr/m/n/10.95 (+20) MT-
 []


Underfull \hbox (badness 10000) in paragraph at lines 6231--6231
[]|\T1/lmr/m/n/10.95 (+20) Tenant-scoped
 []


Underfull \hbox (badness 10000) in paragraph at lines 6231--6231
[]|$\T1/lmtt/m/n/10.95 src / observability /
 []


Underfull \hbox (badness 10000) in paragraph at lines 6231--6231
[]|\T1/lmr/m/n/10.95 (+20) Metrics test
 []


Overfull \hbox (26.65883pt too wide) in paragraph at lines 6231--6232
[]|\T1/lmr/m/n/10.95 (-20) Implemented| 
 []


Underfull \hbox (badness 10000) in paragraph at lines 6233--6233
[]|\T1/lmr/m/n/10.95 (+20) NFR-
 []


Underfull \hbox (badness 10000) in paragraph at lines 6233--6233
\T1/lmr/m/n/10.95 (+20) MT-
 []


Overfull \hbox (26.65883pt too wide) in paragraph at lines 6233--6234
[]|\T1/lmr/m/n/10.95 (-20) Implemented| 
 []


Underfull \hbox (badness 10000) in paragraph at lines 6235--6235
[]|\T1/lmr/m/n/10.95 (+20) NFR-
 []


Underfull \hbox (badness 10000) in paragraph at lines 6235--6235
\T1/lmr/m/n/10.95 (+20) MT-
 []


Underfull \hbox (badness 3536) in paragraph at lines 6235--6235
[]|\T1/lmr/m/n/10.95 (+20) Tenant life-cy-
 []


Underfull \hbox (badness 10000) in paragraph at lines 6235--6235
[]|$\T1/lmtt/m/n/10.95 src / routers / admin \
 []


Underfull \hbox (badness 10000) in paragraph at lines 6235--6235
[]|\T1/lmr/m/n/10.95 (+20) CRUD test
 []


Overfull \hbox (26.65883pt too wide) in paragraph at lines 6235--6236
[]|\T1/lmr/m/n/10.95 (-20) Implemented| 
 []

[136]
Underfull \hbox (badness 10000) in paragraph at lines 6244--6244
[]|\T1/lmr/bx/n/10.95 (+20) Verification
 []


Underfull \hbox (badness 10000) in paragraph at lines 6248--6248
[]|\T1/lmr/bx/n/10.95 (+20) Verification
 []


Underfull \hbox (badness 10000) in paragraph at lines 6253--6253
[]|\T1/lmr/m/n/10.95 (+20) NFR-
 []


Underfull \hbox (badness 1406) in paragraph at lines 6253--6253
[]|\T1/lmr/m/n/10.95 (+20) Circuit break-
 []


Underfull \hbox (badness 10000) in paragraph at lines 6253--6253
[]|$\T1/lmtt/m/n/10.95 src / resilience /
 []


Overfull \hbox (26.65883pt too wide) in paragraph at lines 6253--6254
[]|\T1/lmr/m/n/10.95 (-20) Implemented| 
 []


Underfull \hbox (badness 10000) in paragraph at lines 6255--6255
[]|\T1/lmr/m/n/10.95 (+20) NFR-
 []


Underfull \hbox (badness 10000) in paragraph at lines 6255--6255
[]|\T1/lmr/m/n/10.95 (+20) Degradation
 []


Overfull \hbox (26.65883pt too wide) in paragraph at lines 6255--6256
[]|\T1/lmr/m/n/10.95 (-20) Implemented| 
 []


Underfull \hbox (badness 10000) in paragraph at lines 6257--6257
[]|\T1/lmr/m/n/10.95 (+20) NFR-
 []


Underfull \hbox (badness 10000) in paragraph at lines 6257--6257
[]|$\T1/lmtt/m/n/10.95 src / health /
 []


Underfull \hbox (badness 10000) in paragraph at lines 6257--6257
[]|\T1/lmr/m/n/10.95 (+20) Availability
 []


Underfull \hbox (badness 10000) in paragraph at lines 6259--6259
[]|\T1/lmr/m/n/10.95 (+20) NFR-
 []


Underfull \hbox (badness 10000) in paragraph at lines 6259--6259
[]|\T1/lmr/m/n/10.95 (+20) Retry with
 []


Underfull \hbox (badness 10000) in paragraph at lines 6259--6259
[]|$\T1/lmtt/m/n/10.95 src / resilience /
 []


Overfull \hbox (26.65883pt too wide) in paragraph at lines 6259--6260
[]|\T1/lmr/m/n/10.95 (-20) Implemented| 
 []


Underfull \hbox (badness 10000) in paragraph at lines 6261--6261
[]|\T1/lmr/m/n/10.95 (+20) NFR-
 []


Overfull \hbox (26.65883pt too wide) in paragraph at lines 6261--6262
[]|\T1/lmr/m/n/10.95 (-20) Implemented| 
 []


Underfull \hbox (badness 10000) in paragraph at lines 6263--6263
[]|\T1/lmr/m/n/10.95 (+20) NFR-
 []


Underfull \hbox (badness 1661) in paragraph at lines 6263--6263
[]|\T1/lmr/m/n/10.95 (+20) Worker heart-
 []


Underfull \hbox (badness 10000) in paragraph at lines 6263--6263
[]|$\T1/lmtt/m/n/10.95 src / workers / jobs \
 []


Overfull \hbox (26.65883pt too wide) in paragraph at lines 6263--6264
[]|\T1/lmr/m/n/10.95 (-20) Implemented| 
 []


Underfull \hbox (badness 10000) in paragraph at lines 6265--6265
[]|\T1/lmr/m/n/10.95 (+20) NFR-
 []


Underfull \hbox (badness 1430) in paragraph at lines 6265--6265
[]|\T1/lmr/m/n/10.95 (+20) Uptime track-
 []


Underfull \hbox (badness 10000) in paragraph at lines 6267--6267
[]|\T1/lmr/m/n/10.95 (+20) NFR-
 []


Underfull \hbox (badness 5460) in paragraph at lines 6267--6267
[]|\T1/lmr/m/n/10.95 (+20) DB re-con-nec-
 []


Underfull \hbox (badness 10000) in paragraph at lines 6267--6267
[]|$\T1/lmtt/m/n/10.95 db / postgres \
 []


Underfull \hbox (badness 10000) in paragraph at lines 6267--6267
\T1/lmtt/m/n/10.95 _control / database .
 []


Overfull \hbox (26.65883pt too wide) in paragraph at lines 6267--6268
[]|\T1/lmr/m/n/10.95 (-20) Implemented| 
 []

[137]
Underfull \hbox (badness 10000) in paragraph at lines 6276--6276
[]|\T1/lmr/bx/n/10.95 (+20) Verification
 []


Underfull \hbox (badness 10000) in paragraph at lines 6280--6280
[]|\T1/lmr/bx/n/10.95 (+20) Verification
 []


Underfull \hbox (badness 10000) in paragraph at lines 6285--6285
[]|\T1/lmr/m/n/10.95 (+20) NFR-
 []


Underfull \hbox (badness 10000) in paragraph at lines 6285--6285
[]|\T1/lmr/m/n/10.95 (+20) Prometheus
 []


Underfull \hbox (badness 10000) in paragraph at lines 6285--6285
[]|$\T1/lmtt/m/n/10.95 src / observability /
 []


Overfull \hbox (26.65883pt too wide) in paragraph at lines 6285--6286
[]|\T1/lmr/m/n/10.95 (-20) Implemented| 
 []


Underfull \hbox (badness 10000) in paragraph at lines 6287--6287
[]|\T1/lmr/m/n/10.95 (+20) NFR-
 []


Underfull \hbox (badness 10000) in paragraph at lines 6287--6287
[]|$\T1/lmtt/m/n/10.95 src / logging \ _setup .
 []


Overfull \hbox (26.65883pt too wide) in paragraph at lines 6287--6288
[]|\T1/lmr/m/n/10.95 (-20) Implemented| 
 []


Underfull \hbox (badness 10000) in paragraph at lines 6289--6289
[]|\T1/lmr/m/n/10.95 (+20) NFR-
 []


Underfull \hbox (badness 10000) in paragraph at lines 6289--6289
[]|$\T1/lmtt/m/n/10.95 src / observability /
 []


Overfull \hbox (26.65883pt too wide) in paragraph at lines 6289--6290
[]|\T1/lmr/m/n/10.95 (-20) Implemented| 
 []


Underfull \hbox (badness 10000) in paragraph at lines 6291--6291
[]|\T1/lmr/m/n/10.95 (+20) NFR-
 []


Underfull \hbox (badness 10000) in paragraph at lines 6291--6291
[]|$\T1/lmtt/m/n/10.95 src / observability /
 []


Underfull \hbox (badness 10000) in paragraph at lines 6291--6291
[]|\T1/lmr/m/n/10.95 (+20) Correlation
 []


Overfull \hbox (26.65883pt too wide) in paragraph at lines 6291--6292
[]|\T1/lmr/m/n/10.95 (-20) Implemented| 
 []


Underfull \hbox (badness 10000) in paragraph at lines 6293--6293
[]|\T1/lmr/m/n/10.95 (+20) NFR-
 []


Underfull \hbox (badness 10000) in paragraph at lines 6293--6293
[]|\T1/lmr/m/n/10.95 (+20) Component
 []


Underfull \hbox (badness 10000) in paragraph at lines 6293--6293
[]|$\T1/lmtt/m/n/10.95 src / health /
 []


Overfull \hbox (26.65883pt too wide) in paragraph at lines 6293--6294
[]|\T1/lmr/m/n/10.95 (-20) Implemented| 
 []


Underfull \hbox (badness 10000) in paragraph at lines 6295--6295
[]|\T1/lmr/m/n/10.95 (+20) NFR-
 []


Overfull \hbox (26.65883pt too wide) in paragraph at lines 6295--6296
[]|\T1/lmr/m/n/10.95 (-20) Implemented| 
 []


Underfull \hbox (badness 10000) in paragraph at lines 6297--6297
[]|\T1/lmr/m/n/10.95 (+20) NFR-
 []


Underfull \hbox (badness 10000) in paragraph at lines 6297--6297
[]|\T1/lmr/m/n/10.95 (+20) Configurable
 []


Underfull \hbox (badness 10000) in paragraph at lines 6297--6297
[]|$\T1/lmtt/m/n/10.95 src / logging \ _setup .
 []


Overfull \hbox (26.65883pt too wide) in paragraph at lines 6297--6298
[]|\T1/lmr/m/n/10.95 (-20) Implemented| 
 []


Underfull \hbox (badness 10000) in paragraph at lines 6299--6299
[]|\T1/lmr/m/n/10.95 (+20) NFR-
 []


Underfull \hbox (badness 10000) in paragraph at lines 6299--6299
[]|\T1/lmr/m/n/10.95 (+20) Latency his-
 []


Underfull \hbox (badness 10000) in paragraph at lines 6299--6299
[]|$\T1/lmtt/m/n/10.95 src / observability /
 []


Overfull \hbox (26.65883pt too wide) in paragraph at lines 6299--6300
[]|\T1/lmr/m/n/10.95 (-20) Implemented| 
 []



[138]

[139]

[140]
Chapter 4.

Overfull \hbox (2.384pt too wide) in paragraph at lines 6414--6415
[]\T1/lmr/bx/n/10.95 (-20) Full Ob-serv-abil-ity\T1/lmr/m/n/10.95 (-20) : Open-Teleme-try trac-ing, Prometheus met-rics, and Grafana
 []



[141

]
<figures/DIAGRAM_SIMPLE.png, id=4724, 1255.69125pt x 1037.8775pt>
File: figures/DIAGRAM_SIMPLE.png Graphic file (type png)
<use figures/DIAGRAM_SIMPLE.png>
Package pdftex.def Info: figures/DIAGRAM_SIMPLE.png  used on input line 6451.
(pdftex.def)             Requested size: 396.0pt x 327.2974pt.
<figures/DIAGRAM_FULL_WORKFLOWS.png, id=4725, 2240.37pt x 2822.545pt>
File: figures/DIAGRAM_FULL_WORKFLOWS.png Graphic file (type png)
<use figures/DIAGRAM_FULL_WORKFLOWS.png>
Package pdftex.def Info: figures/DIAGRAM_FULL_WORKFLOWS.png  used on input line 6458.
(pdftex.def)             Requested size: 396.0pt x 498.90565pt.


[142]

[143 <./figures/DIAGRAM_SIMPLE.png>]

[144 <./figures/DIAGRAM_FULL_WORKFLOWS.png>]
Overfull \hbox (2.3922pt too wide) in paragraph at lines 6501--6502
[]\T1/lmtt/m/n/10.95 scopes[]\T1/lmr/m/n/10.95 (-20) : Per-mis-sion scopes (read, write, graph:read, graph:write, tools:invoke) 
 []



[145]

[146]

[147]

[148]

[149]

[150]

[151]

[152]

[153]

[154]

[155]
Overfull \hbox (26.59364pt too wide) in paragraph at lines 7086--7087
[]\T1/lmr/bx/n/10.95 (-20) PostgreSQL Adapter\T1/lmr/m/n/10.95 (-20) : repos-i-tory.CRUD, trans-ac-tion.begin/commit, query.execute 
 []



[156]
Overfull \hbox (1.22198pt too wide) in paragraph at lines 7167--7177
 [][] 
 []



[157]

[158]

[159]

[160

]
Chapter 5.


[161]

[162]

[163]

[164]
Overfull \hbox (16.7353pt too wide) in paragraph at lines 7462--7471
 [][] 
 []



[165]

[166]

[167]
Overfull \hbox (7.26219pt too wide) in paragraph at lines 7576--7577
\T1/lmr/m/n/10.95 (-20) The in-tent clas-si-fi-ca-tion sys-tem, im-ple-mented in $\T1/lmtt/m/n/10.95 src / services / intent \ _classifier .
 []



[168]

[169]
Overfull \hbox (10.39038pt too wide) in paragraph at lines 7645--7646
[]\T1/lmr/m/n/10.95 (-20) The \T1/lmtt/m/n/10.95 confidence \T1/lmr/m/n/10.95 (-20) score en-ables down-stream com-po-nents to make nu-anced decisions---
 []


Overfull \hbox (30.2797pt too wide) in paragraph at lines 7649--7650
\T1/lmr/m/n/10.95 (-20) The clas-si-fier de-fines pat-tern cat-e-gories for each in-tent mode, or-ga-nized as \T1/lmtt/m/n/10.95 PatternCategory
 []



[170]

[171]

[172]

[173]

[174]

[175]

[176]

[177]
Overfull \hbox (41.68594pt too wide) in paragraph at lines 8024--8025
 []\T1/lmr/bx/n/10.95 (-20) Workflow A: Agent Runs Polling and SSE[] \T1/lmr/m/n/10.95 (-20) Clients may poll \T1/lmtt/m/n/10.95 GET /v1/agent-runs/{id}
 []


Overfull \hbox (39.75807pt too wide) in paragraph at lines 8026--8027
\T1/lmr/m/n/10.95 (-20) ing: \T1/lmtt/m/n/10.95 agent_run_started \T1/lmr/m/n/10.95 (-20) (with run meta-data), \T1/lmtt/m/n/10.95 orchestrator_init\T1/lmr/m/n/10.95 (-20) , \T1/lmtt/m/n/10.95 orchestration_start\T1/lmr/m/n/10.95 (-20) ,
 []



[178]

[179]
Overfull \hbox (1.07352pt too wide) in paragraph at lines 8122--8122
[]|\T1/lmr/m/n/10 (-20) Layer|  
 []



[180]

[181]

[182]

[183]

[184]
Chapter 6.


[185

]
LaTeX Font Info:    Font shape `T1/lmtt/bx/n' in size <12> not available
(Font)              Font shape `T1/lmtt/b/n' tried instead on input line 8346.


[186]

[187]

[188]
Overfull \hbox (1.69188pt too wide) in paragraph at lines 8470--8471
\T1/lmr/m/n/10.95 (-20) run-time en-forces this re-quire-ment at in-vo-ca-tion time through the \T1/lmtt/m/n/10.95 check_permissions
 []



[189]

[190]

[191]

[192

]
Chapter 7.


[193]

[194]
Overfull \hbox (36.61238pt too wide) in paragraph at lines 8641--8642
\T1/lmr/m/n/10.95 (-20) running agent runs ex-e-cute within the FastAPI pro-cess con-text us-ing \T1/lmtt/m/n/10.95 BackgroundTasks\T1/lmr/m/n/10.95 (-20) .
 []


Overfull \hbox (2.59428pt too wide) in paragraph at lines 8641--8642
\T1/lmr/m/n/10.95 (-20) The \T1/lmtt/m/n/10.95 POST /v1/agent-runs \T1/lmr/m/n/10.95 (-20) end-point re-turns im-me-di-ately with \T1/lmtt/m/n/10.95 status=queued\T1/lmr/m/n/10.95 (-20) ,
 []


Overfull \hbox (63.80226pt too wide) in paragraph at lines 8649--8650
\T1/lmr/m/n/10.95 (-20) Job en-tity is cre-ated with state \T1/lmtt/m/n/10.95 queued\T1/lmr/m/n/10.95 (-20) , and the worker ex-e-cutes \T1/lmtt/m/n/10.95 _execute_agent_run_job()
 []



[195]
LaTeX Font Info:    Font shape `T1/lmtt/bx/n' in size <10.95> not available
(Font)              Font shape `T1/lmtt/b/n' tried instead on input line 8665.


[196]
Overfull \hbox (79.95502pt too wide) in paragraph at lines 8698--8699
[]\T1/lmr/m/n/10.95 (-20) Emits progress events: \T1/lmtt/m/n/10.95 agent_run_started\T1/lmr/m/n/10.95 (-20) , \T1/lmtt/m/n/10.95 orchestrator_init\T1/lmr/m/n/10.95 (-20) , \T1/lmtt/m/n/10.95 orchestration_start\T1/lmr/m/n/10.95 (-20) ,
 []


Overfull \hbox (42.77643pt too wide) in paragraph at lines 8701--8702
[]\T1/lmr/m/n/10.95 (-20) Emits agent met-rics (\T1/lmtt/m/n/10.95 agent_run_duration_seconds\T1/lmr/m/n/10.95 (-20) , \T1/lmtt/m/n/10.95 agent_run_success_total\T1/lmr/m/n/10.95 (-20) ,
 []



[197]

[198]

[199]

[200]

[201]

[202]
Chapter 8.


[203

]

[204]

[205]

[206]

[207]

[208]
Chapter 9.

Overfull \hbox (20.62016pt too wide) in paragraph at lines 9132--9133
[]\T1/lmr/m/n/10.95 (-20) The sys-tem sup-ports Prometheus mul-ti-pro-cess mode via \T1/lmtt/m/n/10.95 PROMETHEUS_MULTIPROC_DIR
 []


Overfull \hbox (73.97095pt too wide) in paragraph at lines 9141--9142
[]\T1/lmtt/m/n/10.95 http_requests_total \T1/lmr/m/n/10.95 (-20) (Counter), \T1/lmtt/m/n/10.95 http_request_duration_seconds
 []


Overfull \hbox (72.92633pt too wide) in paragraph at lines 9144--9147
[]\T1/lmtt/m/n/10.95 agent_runs_total\T1/lmr/m/n/10.95 (-20) , \T1/lmtt/m/n/10.95 agent_run_duration_seconds\T1/lmr/m/n/10.95 (-20) , \T1/lmtt/m/n/10.95 agent_active_runs\T1/lmr/m/n/10.95 (-20) , 
 []


Overfull \hbox (19.33849pt too wide) in paragraph at lines 9144--9147
\T1/lmtt/m/n/10.95 agent_phase_duration_seconds\T1/lmr/m/n/10.95 (-20) , \T1/lmtt/m/n/10.95 agent_errors_total\T1/lmr/m/n/10.95 (-20) , \T1/lmtt/m/n/10.95 agent_retries_total\T1/lmr/m/n/10.95 (-20) , 
 []


Overfull \hbox (63.20406pt too wide) in paragraph at lines 9144--9147
\T1/lmtt/m/n/10.95 agent_queue_depth\T1/lmr/m/n/10.95 (-20) , \T1/lmtt/m/n/10.95 agent_concurrency_limit\T1/lmr/m/n/10.95 (-20) , \T1/lmtt/m/n/10.95 agent_concurrency_throttled_total\T1/lmr/m/n/10.95 (-20) . 
 []



[209

]
Overfull \hbox (48.77716pt too wide) in paragraph at lines 9149--9151
[]\T1/lmtt/m/n/10.95 llm_calls_total\T1/lmr/m/n/10.95 (-20) , \T1/lmtt/m/n/10.95 llm_call_duration_seconds\T1/lmr/m/n/10.95 (-20) , \T1/lmtt/m/n/10.95 llm_tokens_total\T1/lmr/m/n/10.95 (-20) , 
 []


Overfull \hbox (75.72446pt too wide) in paragraph at lines 9153--9155
[]\T1/lmtt/m/n/10.95 tools_invocations_total\T1/lmr/m/n/10.95 (-20) , \T1/lmtt/m/n/10.95 tools_invocation_duration_seconds\T1/lmr/m/n/10.95 (-20) , 
 []


Overfull \hbox (91.94772pt too wide) in paragraph at lines 9153--9155
\T1/lmtt/m/n/10.95 tools_queue_depth\T1/lmr/m/n/10.95 (-20) , \T1/lmtt/m/n/10.95 tools_cache_operations_total\T1/lmr/m/n/10.95 (-20) , \T1/lmtt/m/n/10.95 tools_idempotency_conflicts_total\T1/lmr/m/n/10.95 (-20) . 
 []


Overfull \hbox (84.05148pt too wide) in paragraph at lines 9157--9159
[]\T1/lmtt/m/n/10.95 background_jobs_total\T1/lmr/m/n/10.95 (-20) , \T1/lmtt/m/n/10.95 background_job_duration_seconds\T1/lmr/m/n/10.95 (-20) , \T1/lmtt/m/n/10.95 job_create_total\T1/lmr/m/n/10.95 (-20) , 
 []


Overfull \hbox (40.20912pt too wide) in paragraph at lines 9157--9159
\T1/lmtt/m/n/10.95 job_create_duration_seconds\T1/lmr/m/n/10.95 (-20) , \T1/lmtt/m/n/10.95 sse_connections_active\T1/lmr/m/n/10.95 (-20) , \T1/lmtt/m/n/10.95 sse_gap_events_total\T1/lmr/m/n/10.95 (-20) . 
 []


Overfull \hbox (105.73341pt too wide) in paragraph at lines 9161--9163
[]\T1/lmtt/m/n/10.95 intent_classification_total\T1/lmr/m/n/10.95 (-20) , \T1/lmtt/m/n/10.95 intent_classification_duration\T1/lmr/m/n/10.95 (-20) , 
 []


Overfull \hbox (97.69646pt too wide) in paragraph at lines 9161--9163
\T1/lmtt/m/n/10.95 intent_classification_confidence\T1/lmr/m/n/10.95 (-20) , \T1/lmtt/m/n/10.95 intent_pattern_matches_total\T1/lmr/m/n/10.95 (-20) , \T1/lmtt/m/n/10.95 intent_llm_fallback\T1/lmr/m/n/10.95 (-20) . 
 []


Overfull \hbox (32.2973pt too wide) in paragraph at lines 9165--9167
[]\T1/lmtt/m/n/10.95 rate_limit_requests_total\T1/lmr/m/n/10.95 (-20) , \T1/lmtt/m/n/10.95 rate_limit_exceeded_total\T1/lmr/m/n/10.95 (-20) , 
 []



[210]
Overfull \hbox (37.2904pt too wide) in paragraph at lines 9218--9219
\T1/lmr/m/n/10.95 (-20) ers), Pol-icy Layer (ag-gre-ga-tion logic), and HTTP End-points (\T1/lmtt/m/n/10.95 /health/live\T1/lmr/m/n/10.95 (-20) , \T1/lmtt/m/n/10.95 /health/ready\T1/lmr/m/n/10.95 (-20) ,
 []



[211]
Overfull \hbox (15.949pt too wide) in paragraph at lines 9237--9238
\T1/lmr/m/n/10.95 (-20) nents can be de-graded with-out fail-ing readi-ness. Con-fig-urable via \T1/lmtt/m/n/10.95 required_components
 []



[212]

[213]

[214

]
Chapter 10.


[215]
Overfull \hbox (1.78426pt too wide) in paragraph at lines 9377--9378
[]\T1/lmr/m/n/10.95 (-20) Security mod-ules in $\T1/lmtt/m/n/10.95 src / security/$ \T1/lmr/m/n/10.95 (-20) pro-vide func-tions such as \T1/lmtt/m/n/10.95 validate_token()\T1/lmr/m/n/10.95 (-20) ,
 []



[216]
Overfull \hbox (4.52571pt too wide) in paragraph at lines 9394--9395
\T1/lmr/m/n/10.95 (-20) repos-i-to-ries use \T1/lmtt/m/n/10.95 <domain>_repo.py\T1/lmr/m/n/10.95 (-20) . Classes use Pas-cal-Case, func-tions use snake_case,
 []


Overfull \hbox (33.78998pt too wide) in paragraph at lines 9406--9407
\T1/lmr/m/n/10.95 (-20) Comprehensive type an-no-ta-tions en-forced by mypy with strict set-tings: check_untyped_defs,
 []



[217]
Overfull \hbox (4.54395pt too wide) in paragraph at lines 9446--9447
\T1/lmr/m/n/10.95 (-20) Stateless offset-based pag-i-na-tion with \T1/lmtt/m/n/10.95 make_page(items, page_size, page_token)\T1/lmr/m/n/10.95 (-20) .
 []



[218]

[219]

[220

]
Chapter 11.

Underfull \hbox (badness 10000) in paragraph at lines 9531--9531
[]|\T1/lmr/m/n/10 (+20) PROMETHEUS_,
 []


Underfull \hbox (badness 10000) in paragraph at lines 9531--9531
[]|\T1/lmr/m/n/10 (+20) Background
 []


Underfull \hbox (badness 10000) in paragraph at lines 9531--9531
[]|\T1/lmr/m/n/10 (+20) SCHEDULER_,
 []


Overfull \hbox (9.16388pt too wide) in paragraph at lines 9543--9553
 [][] 
 []



[221]

[222]
Underfull \hbox (badness 1910) in paragraph at lines 9616--9617
[]|\T1/lmr/m/n/10 (+20) Graph an-a-lyt-ics ben-e-fit from
 []


Underfull \hbox (badness 10000) in paragraph at lines 9617--9618
[]|\T1/lmr/m/n/10 (+20) Model load-ing is memory-
 []



[223]
Overfull \hbox (84.77472pt too wide) in paragraph at lines 9644--9645
[]\T1/lmr/m/n/10.95 (-20) Enable se-cu-rity fea-tures (APP_ENV=prod, EN-ABLE_HSTS=true, SE-CURE_COOKIES=true) 
 []


Underfull \hbox (badness 10000) in paragraph at lines 9686--9686
[]|\T1/lmr/m/n/10 (+20) Check
 []



[224]

[225]

[226

]
Chapter 12.


[227]

[228]
Overfull \hbox (9.66069pt too wide) in paragraph at lines 9780--9781
\T1/lmr/m/n/10.95 (-20) mark-ers \T1/lmtt/m/n/10.95 @pytest.mark.unit\T1/lmr/m/n/10.95 (-20) , \T1/lmtt/m/n/10.95 @pytest.mark.integration\T1/lmr/m/n/10.95 (-20) , \T1/lmtt/m/n/10.95 @pytest.mark.e2e\T1/lmr/m/n/10.95 (-20) . Test
 []


Overfull \hbox (41.84775pt too wide) in paragraph at lines 9780--9781
\T1/lmr/m/n/10.95 (-20) spe-cific ver-sions. Test mark-ers ex-clude \T1/lmtt/m/n/10.95 @pytest.mark.performance \T1/lmr/m/n/10.95 (-20) and \T1/lmtt/m/n/10.95 @pytest.mark.skip
 []



[229]

[230]

[231]

[232]

[233]

[234]
Overfull \hbox (187.48038pt too wide) in paragraph at lines 10062--10063
[]\T1/lmr/bx/n/10.95 (-20) Dataset Prove-nance\T1/lmr/m/n/10.95 (-20) : Test data gen-er-ated via seed scripts (com-mit \T1/lmtt/m/n/10.95 9b3e4c19a7853cc003e4ea094317255f7401e554\T1/lmr/m/n/10.95 (-20) );
 []



[235]
Overfull \hbox (21.54947pt too wide) in paragraph at lines 10067--10068
[]\T1/lmr/m/n/10.95 (-20) Set up Python vir-tual en-vi-ron-ment with de-pen-den-cies from \T1/lmtt/m/n/10.95 requirements.txt 
 []


Overfull \hbox (27.36246pt too wide) in paragraph at lines 10069--10070
[]\T1/lmr/m/n/10.95 (-20) Run test suite via \T1/lmtt/m/n/10.95 pytest \T1/lmr/m/n/10.95 (-20) with mark-ers (\T1/lmtt/m/n/10.95 unit\T1/lmr/m/n/10.95 (-20) , \T1/lmtt/m/n/10.95 integration\T1/lmr/m/n/10.95 (-20) , \T1/lmtt/m/n/10.95 e2e\T1/lmr/m/n/10.95 (-20) , \T1/lmtt/m/n/10.95 performance\T1/lmr/m/n/10.95 (-20) ,
 []



[236]
Chapter 13.


[237

]

[238]

[239]

[240]
Appendix A.
(/Users/armanfeili/Library/TinyTeX/texmf-dist/tex/latex/listings/lstlang1.sty
File: lstlang1.sty 2024/09/23 1.10c listings language file
) (/Users/armanfeili/Library/TinyTeX/texmf-dist/tex/latex/listings/lstlang1.sty
File: lstlang1.sty 2024/09/23 1.10c listings language file
)

[241

]
Underfull \vbox (badness 1292) has occurred while \output is active []



[242]

[243]

[244]

[245]

[246]
Appendix B.


[247

]

[248]

[249]

[250]

[251]

[252

]
Appendix C.

Overfull \hbox (122.97804pt too wide) in paragraph at lines 10882--10883
\T1/lmr/bx/n/10.95 (-20) Schema Scope\T1/lmr/m/n/10.95 (-20) : This ap-pendix re-flects the schema at com-mit \T1/lmtt/m/n/10.95 9b3e4c19a7853cc003e4ea094317255f7401e554
 []



[253]

[254]

[255]

[256]

[257]

[258

]
Appendix D.


[259]

[260]

[261]

[262

]
Appendix E.


[263]
Underfull \vbox (badness 7649) has occurred while \output is active []



[264]
Underfull \hbox (badness 10000) in paragraph at lines 11580--11580
[]|\T1/lmr/m/n/10 (+20) Enable Prometheus
 []



[265]

[266]

[267]

[268

]
Appendix F.


[269]

[270]

[271]

[272]
Appendix G.


[273

]

[274]

[275]

[276]
Underfull \hbox (badness 6792) in paragraph at lines 12041--12042
[]\T1/lmr/m/n/10.95 (+20) Anthropic. (2024). Model Con-text Pro-to-col Spec-i-fi-ca-tion. [][]$\T1/lmtt/m/n/10.95 https : / /
 []



[277



]

[278]

[279]
Overfull \hbox (35.21405pt too wide) in paragraph at lines 12164--12165
[]\T1/lmr/bx/n/10.95 (-20) Google Scholar: [][]$\T1/lmtt/m/n/10.95 https : / / scholar . google . com / citations ? user = qfG60rMAAAAJ &
 []



[280

] (./sapthesis-doc.aux)
 ***********
LaTeX2e <2024-11-01> patch level 2
L3 programming layer <2025-01-18>
 ***********


LaTeX Warning: There were multiply-defined labels.

Package rerunfilecheck Info: File `sapthesis-doc.out' has not changed.
(rerunfilecheck)             Checksum: 3321CAEFD74BD86C4D31C519537C5128;113981.
 ) 
Here is how much of TeX's memory you used:
 44528 strings out of 475129
 954735 string characters out of 5763513
 1914470 words of memory out of 5000000
 64072 multiletter control sequences out of 15000+600000
 663653 words of font info for 281 fonts, out of 8000000 for 9000
 36 hyphenation exceptions out of 8191
 84i,13n,131p,1010b,2141s stack positions out of 10000i,1000n,20000p,200000b,200000s
</Users/armanfeili/Library/TinyTeX/texmf-dist/fonts/type1/public/lm/lmbx10.pfb></Users/armanfeili/Library/TinyTeX/texmf-dist/fonts/type1/public/lm/lmbx12.pfb></Users/armanfeili/Library/TinyTeX/texmf-dist/fonts/type1/public/lm/lmmi10.pfb></Users/armanfeili/Library/TinyTeX/texmf-dist/fonts/type1/public/lm/lmr10.pfb></Users/armanfeili/Library/TinyTeX/texmf-dist/fonts/type1/public/lm/lmr6.pfb></Users/armanfeili/Library/TinyTeX/texmf-dist/fonts/type1/public/lm/lmr7.pfb></Users/armanfeili/Library/TinyTeX/texmf-dist/fonts/type1/public/lm/lmr8.pfb></Users/armanfeili/Library/TinyTeX/texmf-dist/fonts/type1/public/lm/lmr9.pfb></Users/armanfeili/Library/TinyTeX/texmf-dist/fonts/type1/public/lm/lmri10.pfb></Users/armanfeili/Library/TinyTeX/texmf-dist/fonts/type1/public/lm/lmss10.pfb></Users/armanfeili/Library/TinyTeX/texmf-dist/fonts/type1/public/lm/lmss17.pfb></Users/armanfeili/Library/TinyTeX/texmf-dist/fonts/type1/public/lm/lmssbx10.pfb></Users/armanfeili/Library/TinyTeX/texmf-dist/fonts/type1/public/lm/lmsy10.pfb></Users/armanfeili/Library/TinyTeX/texmf-dist/fonts/type1/public/lm/lmsy7.pfb></Users/armanfeili/Library/TinyTeX/texmf-dist/fonts/type1/public/lm/lmtk10.pfb></Users/armanfeili/Library/TinyTeX/texmf-dist/fonts/type1/public/lm/lmtt10.pfb></Users/armanfeili/Library/TinyTeX/texmf-dist/fonts/type1/public/lm/lmtt9.pfb></Users/armanfeili/Library/TinyTeX/texmf-dist/fonts/type1/public/amsfonts/symbols/msam10.pfb>
Output written on sapthesis-doc.pdf (298 pages, 2773924 bytes).
PDF statistics:
 6864 PDF objects out of 7423 (max. 8388607)
 6456 compressed objects within 65 object streams
 2436 named destinations out of 2487 (max. 500000)
 64908 words of extra memory for PDF output out of 74296 (max. 10000000)

